0.25,0.24558550568532148,0.24322726401263403,0.2417767841184397,0.24076866450354728,0.24000019177578757,0.23937489334091736,0.23884305977391881,0.23837729080896988,0.23796157150258904,0.23758602225040104,0.23724421933489595,0.2369317600468347,0.2366454642241505,0.2363829158897008,0.2361421931954782,0.23592170566136006,0.23572009399665447,0.2355361671380275,0.23536886178276895,0.23521721571372067,0.23508034969093936,0.23495745473434151,0.2348477828474368,0.23475063997479903,0.23466538044017538,0.23459140239213408,0.2345281439577185,0.23447507991260097,0.2344317187436596,0.23439760002208118,0.23437229203154508,0.23435538961268138,0.2343465121955296,0.2343453019984549,0.23435142237635645,0.23436455630392464,0.23438440498172644,0.23441068655436884,0.23444313493111502,0.23448149870023985,0.2345255401291811,0.23457503424322,0.23462976797603535,0.2346895393860313,0.2347541569328533,0.23482343880898277,0.2348972123217406,0.23497531332143615,0.2350575856717754,0.2351438807589864
0.25,0.2456963289527073,0.24328015639115186,0.2417475175927672,0.24066728635469975,0.23984181413830274,0.23917292546210814,0.23860816190227693,0.23811766950521962,0.2376834906109977,0.2372942607591925,0.23694243166623818,0.23662274878383793,0.2363313844505652,0.23606542832875055,0.2358225794521913,0.23560095540783493,0.2353989712839984,0.23521526108070723,0.2350486254674713,0.23489799618292675,0.23476241112668012,0.23464099643868108,0.23453295322652712,0.23443754744362413,0.23435410194798545,0.23428199010477244,0.23422063050880088,0.23416948254085396,0.2341280425613661,0.2340958406041134,0.23407243747184475,0.2340574221622379,0.23405040957059986,0.2340510384282197,0.23405896944408033,0.23407388362395767,0.23409548074558187,0.23412347797202535,0.23415760858817308,0.2341976208472502,0.2342432769160911,0.2342943519092402,0.23435063300315187,0.23441191862275382,0.23447801769349996,0.2345487489527817,0.23462394031521913,0.23470342828692642,0.23478705742435058,0.23487467983373267
0.25,0.2458081140873834,0.2433506344576447,0.24174802874395807,0.24060251204744268,0.23972325720542914,0.23901183253791375,0.238413941711862,0.23789781827421588,0.23744388143126474,0.23703947251721533,0.23667603385667874,0.23634752920385127,0.23604952604999227,0.2357786451905049,0.235532221117611,0.23530808701710693,0.23510443530815753,0.2349197250325508,0.23475261890522037,0.23460193950989122,0.2344666380828402,0.23434577172527507,0.23423848636318803,0.23414400370007685,0.23406161099728245,0.23399065289672535,0.23393052474904172,0.23388066707424268,0.2338405608918472,0.23380972373182074,0.2337877061886456,0.23377408891625928,0.2337684799865134,0.23377051255159018,0.23377984276369482,0.233796147914822,0.2338191247664813,0.23384848804465408,0.23388396907941678,0.23392531457193355,0.23397228547412632,0.2340246559684366,0.2340822125368203,0.23414475310954674,0.23421208628557286,0.23428403061727632,0.2343604139531963,0.23444107283317037,0.23452585193089676,0.23461460353950586
0.25,0.24591906861101887,0.2434338588544556,0.2417721042975373,0.24056786294926,0.23963829346753843,0.2388858369423495,0.23825512296155,0.23771295073031357,0.2372384116729972,0.23681773653934887,0.2364414736924161,0.23610287840345845,0.2357969598887761,0.2355198995074688,0.23526868542381507,0.23504087720032796,0.23483445039660875,0.2346476915803035,0.23447912578270752,0.23432746525341908,0.23419157246391445,0.23407043281957496,0.23396313410641092,0.2338688506935263,0.23378683115400004,0.23371638838680442,0.23365689160105926,0.23360775971131462,0.23356845582019528,0.23353848255278145,0.23351737806859374,0.23350471262054434,0.2335000855613739,0.23350312272070142,0.23351347409243664,0.2335308117846862,0.23355482819363307,0.23358523437001838,0.23362175855239634,0.23366414484568024,0.23371215202695253,0.23376555246328615,0.23382413112857894,0.23388768470825128,0.23395602078218772,0.2340289570775812,0.23410632078441213,0.23418794792720435,0.23427368278747518,0.2343633773719594
0.25,0.24602795069761382,0.2435260806986183,0.24181473808334464,0.24055799022150332,0.23958169108818111,0.23879002025139495,0.2381271673343847,0.23755891567265955,0.23706329853695207,0.23662560995085163,0.2362356173060478,0.23588594139721145,0.23557108184018058,0.23528681251126163,0.23502979600501303,0.23479733143770495,0.23458718551338734,0.2343974767883535,0.23422659465340476,0.23407314142704444,0.2339358901249057,0.23381375305555505,0.2337057580244891,0.2336110299760756,0.2335287765870983,0.23345827677867045,0.23339887141777096,0.23334995568706776,0.23331097274483115,0.2332814083967782,0.23326078657247515,0.233248665449624,0.23324463410631194,0.23324830960826276,0.23325933445814417,0.23327737434901596,0.23330211617542626,0.23333326626444023,0.2333705487957068,0.23341370438502604,0.23346248881013232,0.23351667186081518,0.2335760362982574,0.2336403769107182,0.23370949965454083,0.23378322087099737,0.23386136657076445,0.23394377177889805,0.2340302799340863,0.23412074233672925
0.25,0.24613392695924052,0.24362440731045962,0.241871899559862,0.24056847530709285,0.23954904894129356,0.23872018802539438,0.23802616310669086,0.2374321045287314,0.23691523089666647,0.2364600618379174,0.23605569239014376,0.23569418195965075,0.23536956993791747,0.23507725608302926,0.2348135998488193,0.2345756547936047,0.23436098841806083,0.23416755726938,0.23399361855501333,0.23383766635136508,0.23369838468936724,0.2335746124255795,0.23346531648254612,0.2333695711289925,0.23328654168708907,0.23321547153374872,0.23315567158869469,0.23310651170626914,0.23306741354431212,0.23303784459383725,0.23301731313211824,0.23300536391883633,0.23300157449665151,0.2330055519884047,0.23301693030622164,0.23303536770521704,0.23306054462780584,0.23309216179489803,0.2331299385082519,0.23317361113455512,0.23322293174679856,0.23327766690250956,0.23333759654164216,0.2334025129895527,0.23347222005264529,0.2335465321960533,0.2336252737942022,0.2337082784463378,0.2337953883501437,0.2338864537274521
0.25,0.2462364647413671,0.24372661605907298,0.24194034508794598,0.2405956649496223,0.23953665903898033,0.23867275639000252,0.23794873135924421,0.23732937311794342,0.2367913033484445,0.2363184170786357,0.23589923991333392,0.23552534079054738,0.2351903478926527,0.23488932076949587,0.23461833913939617,0.2343742270458406,0.23415436363798256,0.2339565506304414,0.23377891761757089,0.23361985315777636,0.23347795371919966,0.23335198521717923,0.23324085357286878,0.23314358183506428,0.2330592921477331,0.23298719134593932,0.23292655930558262,0.2328767394103575,0.23283713066672462,0.23280718111685272,0.23278638228532597,0.23277426445794225,0.2327703926369773,0.2327743630515646,0.23278580012761374,0.2328043538412648,0.2328296973948878,0.23286152516625855,0.2328995508906186,0.2329435060424829,0.23299313838974273,0.2330482106971656,0.2331084995600717,0.23317379435195287,0.23324389627224992,0.23331861748251947,0.23339778032089242,0.23348121658612267,0.23356876688369083,0.23366028002741437
0.25,0.24633525099211617,0.24383100741322258,0.24201746501037846,0.24063653540162303,0.23954139214313278,0.23864465705274673,0.23789194701187566,0.23724797551084384,0.23668896028399916,0.23619830859996388,0.23576407301080154,0.23537739985400558,0.2350315539664735,0.23472128847909757,0.23444242720817116,0.2341915814324619,0.23396595363415584,0.2337631987432338,0.23358132417206512,0.2334186165081986,0.23327358684984306,0.23314492939425682,0.23303148959473047,0.23293223932843593,0.23284625727344024,0.23277271320809428,0.23271085530162217,0.23265999971358228,0.23261952199619515,0.23258884991995565,0.2325674574346297,0.23255485954494673,0.23255060793009175,0.23255428717336174,0.23256551149650678,0.23258392191475438,0.23260918374504835,0.23264098441287198,0.2326790315130811,0.2327230510881116,0.2327727860932427,0.2328279950236647,0.23288845068218628,0.2329539390697444,0.2330242583835983,0.23309921811032916,0.23317863820262122,0.2332623483303442,0.23335018719774792,0.2334420019196684
0.25,0.24643013142942288,0.2439362894728533,0.24210116025618014,0.24068858098424015,0.2395606028081228,0.23863325780177932,0.2378532723215241,0.23718550806757735,0.23660594840367372,0.23609763673329906,0.23564824191890077,0.2352485519168378,0.234891514356542,0.23457160911351935,0.23428442793547105,0.2340263864351942,0.23379452264605308,0.23358635338221986,0.23339976995499614,0.2332329611722494,0.23308435557325563,0.2329525774415224,0.2328364128348475,0.23273478300175204,0.2326467233175799,0.23257136639790804,0.23250792841165724,0.23245569787329348,0.232414026376814,0.2323823208664651,0.23236003713562034,0.23234667431637016,0.23234177017533858,0.23234489707106618,0.23235565845852157,0.2323736858494484,0.23239863615513132,0.23243018935208967,0.23246804642213809,0.23251192752690328,0.23256157038377948,0.23261672881583814,0.2326771714526782,0.23274268056283948,0.23281305100137756,0.2328880892586456,0.23296761259835694,0.23305144827468632,0.2331394328195786,0.23323141139261683
0.25,0.24652106511970873,0.24404148752123186,0.24218974302848115,0.24074972278009352,0.2395920506014507,0.23863629594684344,0.237830500826966,0.23713986202506412,0.23654027632809083,0.23601453454523097,0.23555000399958165,0.23513717446551732,0.23476872037529925,0.23443888051136963,0.2341430380552321,0.23387743011641077,0.23363894278851358,0.23342496385306513,0.23323327507479882,0.23306197216621502,0.2329094044070726,0.23277412844069575,0.2326548724436802,0.23255050798940005,0.23246002769133195,0.23238252724123237,0.23231719082764443,0.2322632791828731,0.2322201196950362,0.23218709815855376,0.2321636518367344,0.23214926358442764,0.23214345683430804,0.2321457912923384,0.23215585921994922,0.23217328220505612,0.23219770834308612,0.23222880976406457,0.23226628045352515,0.23230983432428934,0.2323592035035758,0.2324141368058572,0.23247439836670183,0.23253976641675964,0.2326100321782636,0.23268499886906036,0.23276448080137155,0.2328483025643068,0.23293629828067033,0.2330283109298796
0.25,0.24660809070517423,0.244145873321628,0.24228185699107344,0.2408182338699762,0.23963383473507238,0.2386518225485308,0.23782171003501182,0.23710918325717442,0.2364901801775935,0.23594733819841907,0.23546779805306078,0.23504180731364568,0.23466180883100773,0.23432183118373565,0.23401707190653503,0.23374360660816168,0.23349818204667838,0.23327806629875075,0.23308093846384764,0.23290480620956255,0.23274794323393394,0.2326088411873974,0.23248617223850868,0.23237875957720264,0.2322855539105477,0.23220561453537655,0.2321380939452007,0.23208222519487418,0.23203731143843573,0.23200271719558493,0.23197786100544948,0.23196220920311902,0.23195527061214113,0.23195659198993748,0.23196575409656509,0.23198236828305646,0.23200607351563055,0.23203653376777733,0.23207343572461409,0.23211648675375862,0.23216541310484057,0.23221995830611336,0.23227988173176353,0.23234495731769778,0.23241497240701553,0.23248972670919804,0.23256903135938115,0.232652708066024,0.23274058833691064,0.23283251277478556
0.25,0.24669130140453982,0.24424890991818318,0.24237641316148154,0.24089267810892198,0.239684339783361,0.2386781556266846,0.23782522141676904,0.23709183805373768,0.236454094171418,0.2358945615506436,0.23540022224763005,0.2349611333245362,0.23456954511075934,0.23421930540785474,0.2339054482521707,0.2336239044195601,0.23337129387506833,0.23314477442412018,0.2329419295871279,0.23276068429670455,0.23259924063211873,0.23245602819049663,0.23232966529322666,0.23221892831451366,0.23212272717068125,0.2320400855348759,0.23197012471466522,0.23191205039742546,0.23186514166235792,0.23182874180014207,0.23180225058650142,0.23178511773465302,0.23177683731098345,0.231776942943478,0.23178500368710606,0.23180062043719044,0.23182342280270063,0.23185306636783065,0.23188923028320943,0.231931615138431,0.23197994107587747,0.2320339461124876,0.23209338464154244,0.23215802609095823,0.23222765371820053,0.23230206352492205,0.23238106327689875,0.23246447161690129,0.23255211725985864,0.2326438382611186
0.25,0.24677082660266433,0.24435020857088383,0.2424725384139062,0.24097185995499404,0.23974219055296095,0.23871384083822483,0.23783956651816685,0.23708638395361842,0.23643062545387938,0.235854874329855,0.23534601510566358,0.23489396176828536,0.23449080855044624,0.23413025031727125,0.23380717884792784,0.23351739628487628,0.2332574081564755,0.23302427142346746,0.2328154812174447,0.2326288852160236,0.2324626180489315,0.23231505042245115,0.23218474919842258,0.23207044572552077,0.23197101045824198,0.2318854324184357,0.23181280242441496,0.2317522992795956,0.23170317830717352,0.23166476176063475,0.23163643074645635,0.23161761837535008,0.23160780391898356,0.2316065077953874,0.23161328724188673,0.23162773256204483,0.23164946385472143,0.23167812815036634,0.23171339689315887,0.23175496371836748,0.23180254248294543,0.23185586551435658,0.23191468204829566,0.2319787568305957,0.23204786886241743,0.23212181027094997,0.23220038529045448,0.2322834093406452,0.23237070819121614,0.2324621172028424
0.25,0.24684681837594774,0.24444949516700748,0.2425695340857205,0.2410547833087209,0.239806214503505,0.2387576183699491,0.23786345818876728,0.23709154482710487,0.23641853248571157,0.23582708333208902,0.23530403907721348,0.23483921391190804,0.23442457974482322,0.23405370468675377,0.233721358498853,0.23342323032094736,0.23315572331712794,0.23291580293177905,0.23270088311883352,0.23250873987623594,0.2323374446930656,0.2321853127110422,0.23205086189461588,0.2319327805335839,0.23182990112224502,0.23174117916902012,0.23166567585588305,0.23160254373175748,0.23155101481798604,0.2315103906474578,0.23148003386614063,0.2314593611065243,0.23144783690387172,0.23144496847322887,0.23145030120149246,0.23146341473712434,0.23148391958228048,0.2315114541096275,0.23154568194002967,0.2315862896284106,0.23163298461404022,0.23168549339873504,0.23174355992234844,0.231806944109743,0.23187542056739524,0.23194877741105233,0.23202681520857452,0.2321093460243575,0.2321961925536234,0.23228718733646003
0.25,0.24691944170633584,0.2445465840245197,0.24266684267139407,0.24114061769512682,0.2398754103995716,0.2388083950067656,0.23789576610070953,0.23710618953697288,0.23641670644820084,0.23581011618021286,0.2352732663095833,0.2347959105070303,0.2343699295077784,0.23398878915987842,0.2336471563821723,0.23334062230066527,0.23306549942817054,0.23281867084983315,0.2325974765059314,0.23239962632319008,0.23222313304247494,0.23206625968082573,0.23192747799732477,0.23180543532639408,0.23169892784145774,0.23160687880993938,0.2315283207593488,0.2314623807355013,0.2314082680261741,0.2313652638663531,0.23133271274834813,0.23131001504109938,0.23129662068482523,0.23129202377471234,0.23129575788419268,0.23130739200711703,0.23132652702074155,0.23135279258933683,0.23138584444247656,0.23142536197348007,0.23147104611268482,0.23152261743768268,0.23157981448873063,0.23164239226252425,0.231710120861618,0.23178278428016483,0.23186017930946196,0.23194211454913694,0.23202840951177686,0.23211889381045814
0.25,0.2469888674450887,0.24464135745836504,0.2427640209887449,0.2412286704306015,0.2399489221088937,0.23886522051516304,0.2379354958696341,0.23712931361938316,0.2364241551989565,0.23580300725727937,0.23525276628527994,0.2347631608943619,0.23432600924017588,0.2339346977082597,0.2335838084524617,0.23326884888078245,0.23298605215117113,0.2327322279177184,0.23250464916852556,0.23230096534911623,0.23211913488097322,0.23195737216734352,0.23181410554564025,0.2316879436012128,0.23157764793337768,0.23148211094875076,0.23140033760749776,0.23133143030466521,0.23127457625837416,0.23122903691814525,0.23119413901315003,0.23116926694107454,0.23115385626021137,0.23114738809517926,0.23114938430381024,0.23115940328182263,0.2311770363048128,0.2312019043252818,0.23123365515692199,0.23127196099004388,0.23131651619143218,0.2313670353495616,0.23142325153233814,0.231484914729648,0.23155179045721133,0.23162365850172958,0.23170031179021866,0.2317815553688444,0.23186720547861164,0.23195708871697038
0.25,0.24705526732081223,0.24473374983952176,0.24286071852708613,0.24131836367182097,0.24002601665594173,0.2389272676305011,0.23798177120568437,0.2371600235186385,0.23643998939392483,0.23580488549122552,0.23524169505387157,0.23474015348955504,0.23429204250177105,0.23389069014540315,0.2335306107743251,0.23320724164827145,0.2329167474081922,0.2326558729314136,0.2324218311681873,0.232212216611934,0.23202493779053113,0.23185816403927584,0.23171028311669647,0.23157986713892242,0.2314656449592538,0.23136647958820108,0.23128134959031413,0.23120933364487323,0.23114959764367282,0.2311013838386098,0.23106400165721178,0.2310368198845917,0.23101925997203956,0.23101079028024182,0.23101092110237115,0.23101920034153248,0.2310352097401636,0.23105856157736654,0.2310888957648507,0.2311258772840003,0.23116919391615393,0.2312185542259701,0.23127368576412155,0.23133433346078985,0.23140025818575122,0.2314712354544219,0.23154705426221417,0.2316275160320453,0.23171243366193323,0.23180163066137952
0.25,0.2471188104623509,0.24482373515788317,0.24295665994780144,0.2414092154520093,0.2401060657997188,0.23899381505963294,0.23803381861893985,0.23719752298680413,0.2364634104530893,0.23581496371987878,0.23523928582734854,0.23472614745268977,0.23426731761613767,0.233856085546306,0.2334869136523969,0.23315518187097511,0.23285699667584256,0.2325890465136738,0.2323484910285131,0.2321328751951105,0.23194006203761108,0.23176817937375407,0.2316155772572986,0.23148079366346191,0.23136252658640213,0.23125961116958563,0.23117100082031958,0.23109575150380735,0.2310330085940784,0.2309819957960591,0.23094200575693255,0.23091239206439598,0.23089256239067146,0.23088197258868712,0.2308801215840364,0.23088654693560345,0.2309008209609395,0.23092254734097054,0.23095135813344558,0.23098691113649317,0.23102888755335077,0.2310769899172306,0.2311309402417584,0.23119047836774415,0.23125536048144577,0.23132535778314087,0.23140025528786748,0.23147985074274538,0.23156395364743332,0.23165238436608537
0.25,0.24717966103978814,0.24491131731943921,0.24305163091658394,0.24150082397887224,0.2401885305355551,0.23906423301168409,0.238090954283206,0.237241101322944,0.23649370009939133,0.23583252940855665,0.235244840745144,0.2347204653748463,0.23425118116444807,0.2338302564472751,0.23345211644884456,0.23311209585610432,0.23280625281836193,0.2325312273642155,0.23228413235261017,0.23206246854924184,0.23186405780130556,0.23168698993838074,0.23152958019133288,0.23139033474973958,0.2312679226748433,0.23116115281902094,0.2310689547217195,0.23099036268848444,0.23092450243693827,0.230870579827436,0.23082787129807958,0.2307957157020347,0.2307735073056224,0.23076068975280387,0.23075675083865482,0.23076121796361826,0.23077365416351123,0.2307936546287938,0.23082084364150135,0.2308548718702761,0.2308954139737122,0.23094216647021007,0.23099484583908453,0.2310531868230682,0.2311169409068199,0.2311858749497622,0.2312597699546731,0.23133841995605667,0.23142163101450405,0.23150922030510332
0.25,0.24723797672659678,0.24499652257898885,0.24314546661293457,0.24159285460543364,0.2402729480278038,0.23913797085319208,0.23815257272781493,0.23729012317950854,0.23653021124360268,0.23585693652850392,0.23525772364533595,0.23472248684115893,0.23424303224629822,0.23381262371982295,0.23342566299545411,0.2330774508349379,0.2327640063877815,0.23248192892562364,0.23222829081152577,0.23200055376540926,0.23179650269888633,0.23161419294043653,0.23145190776771968,0.23130812394855008,0.23118148356010895,0.23107077077140808,0.2309748925808217,0.2308928627291915,0.23082378818098406,0.23076685769639574,0.23072133211699536,0.23068653606429335,0.23066185081021542,0.2306467081250208,0.23064058494483114,0.23064299872992639,0.23065350340805604,0.23067168581550881,0.23069716256358455,0.23072957727017745,0.23076859810600175,0.2308139156130229,0.2308652407592613,0.2309223031995839,0.2309848497166182,0.2310526428196855,0.23112545948279475,0.23120309000537861,0.23128533698167503,0.2313720143665394
0.25,0.24729390776098054,0.2450793936422874,0.24323804239483995,0.24168502899567934,0.24035892056785713,0.23921454655239932,0.23821813708139464,0.23734401970713792,0.23657236002373253,0.23588759843428944,0.2352773537037997,0.2347316427513216,0.23424231740436685,0.23380265202864073,0.23340703752145756,0.2330507513044036,0.23272978233002167,0.23244069641091777,0.2321805314557108,0.23194671513776585,0.2317369995709163,0.23154940900954415,0.23138219761879836,0.23123381510157204,0.23110287850810218,0.2309881489504525,0.23088851223828727,0.23080296267258146,0.2307305894002285,0.23067056485912749,0.23062213494048764,0.23058461057018667,0.23055736046948397,0.23053980490121306,0.23053141024372556,0.23053168426355083,0.23054017198064697,0.23055645203851347,0.23058013350628984,0.2306108530520173,0.23064827243607106,0.23069207628182709,0.23074197008726008,0.23079767844665192,0.23085894345614522,0.23092552328067292,0.2309971908629734,0.23107373275807178,0.23115494807886033,0.23124064754031823
0.25,0.24734759644078652,0.24515998507454975,0.2433292662016926,0.24177711609629376,0.2404461062233745,0.23929353763391917,0.23828717063645732,0.23740228084541118,0.23661961883734703,0.23592398160315198,0.2353031998241132,0.2347474102965008,0.23424852612520894,0.2337998457971118,0.23339576103000748,0.23303153576650393,0.2327031370448208,0.23240710414666768,0.23214044630861988,0.2319005619790036,0.2316851744935532,0.2314922803849098,0.23132010750333484,0.23116708082334012,0.23103179432129195,0.23091298768612736,0.23080952690646475,0.2307203879888331,0.23064464322208247,0.2305814495255875,0.2305300385132321,0.23048970797836693,0.23045981456210712,0.2304397674122841,0.23042902267592877,0.23042707869646434,0.23043347180944512,0.23044777264891303,0.23046958289120148,0.2304985323750166,0.23053427654643358,0.23057649418549872,0.23062488537776787,0.23067916969961277,0.23073908459070103,0.23080438389087635,0.23087483652186608,0.23095022529693937,0.23103034584391283,0.23111500562882967
0.25,0.24739917692865684,0.24523835973218824,0.24341907236202498,0.24186892459795595,0.24053421090299826,0.2393745734114522,0.23835924954081175,0.23746444859719223,0.23667151022998612,0.23596560012002094,0.23533477567857664,0.23476930850663574,0.2342611868414484,0.23380374561508946,0.23339138806603124,0.23301937381516083,0.23268365575495598,0.23238075319221296,0.23210765220742974,0.2318617266575473,0.23164067499027435,0.23144246928234094,0.23126531381196164,0.23110761113030218,0.2309679340783825,0.2308450025535176,0.23073766409733523,0.23064487757981142,0.2305656994078818,0.23049927180544597,0.2304448128029816,0.23040160764612844,0.23036900138834482,0.23034639247669722,0.23033322717471924,0.23032899469411044,0.23033322292938171,0.23034547470757705,0.23036534447981838,0.2303924553933319,0.2304264566923693,0.2304670214044611,0.23051384427506885,0.23056663991920223,0.23062514116314925,0.23068909755329906,0.2307582740122528,0.23083244962512872,0.23091141654125805,0.2309949789784127
0.25,0.2474487752758198,0.2453145859967616,0.24350741653897703,0.24196029662796584,0.2406229816085602,0.23945732830452246,0.2384339964526014,0.2375301111492859,0.23672760152355493,0.2360120108092659,0.23537163531539868,0.23479689429468992,0.23427986337150034,0.23381392503310322,0.2333935038264423,0.23301386352728043,0.2326709501465693,0.2323612692011396,0.23208178886080308,0.23182986282969667,0.23160316841912876,0.23139965641967764,0.23121751021591463,0.23105511219979033,0.23091101599202143,0.23078392331914183,0.23067266464852476,0.2305761828768928,0.2304935195155593,0.2304238029294372,0.23036623827512345,0.2303200988523086,0.23028471863695418,0.23025948580754602,0.23024383710983806,0.2302372529327944,0.2302392529903952,0.2302493925217336,0.23026725893626504,0.23029246884286197,0.23032466541100005,0.23036351602037528,0.23040871016184983,0.23045995755810897,0.23051698647698576,0.23057954221424404,0.23064738572583027,0.2307202923923244,0.23079805090061956,0.23088046222981617
0.25,0.24749650959672,0.24538873563835847,0.2435942715991646,0.24205110246311543,0.2407122006858423,0.23954151607681023,0.23851107502134405,0.23759889772301226,0.23678750008586802,0.23606280892874432,0.23541336925942508,0.2348297589349824,0.23430415174208266,0.23382998769509697,0.2334017215706214,0.23301462912092222,0.232664656247766,0.2323483004958863,0.23206251709779616,0.2318046438436299,0.23157234051489448,0.23136353968218165,0.23117640644251827,0.2310093052440377,0.23086077237116348,0.23072949298268575,0.2306142818364833,0.23051406701858873,0.23042787613551785,0.2303548245379912,0.23029410522919358,0.23024498017734954,0.2302067728049356,0.2301788614685378,0.23016067377662694,0.2301516816192139,0.23015139680487595,0.23015936721809885,0.23017517342409743,0.2301984256599166,0.23022876116018204,0.2302658417737703,0.2303093518342198,0.2303589962521564,0.23041449880256554,0.23047560058356573,0.2305420586265562,0.23061364464033085,0.23069014387405648,0.2307713540859719
0.25,0.2475424903445165,0.24546088217316603,0.24367962423259995,0.24214123608988,0.24080168091696943,0.2396268848597966,0.23859018507862578,0.23767047405576935,0.23685084915702376,0.23611762435390635,0.23545960104414643,0.23486752492161958,0.2343336773464667,0.23385156476849353,0.23341568029493204,0.23302131884859245,0.23266443251717045,0.23234151633034508,0.2320495172855367,0.231785761295309,0.2315478940682978,0.2313338329118967,0.23114172716306627,0.2309699254863325,0.23081694867645766,0.23068146690364275,0.23056228056733044,0.23045830409935994,0.23036855219188962,0.2302921280300377,0.23022821319087197,0.23017605893460982,0.23013497866470603,0.23010434137394198,0.2300835659259898,0.2300721160479582,0.23006949593047887,0.23007524634900164,0.2300889412339347,0.23011018462872534,0.23013860798441566,0.2301738677470166,0.23021564320053087,0.23026363453386497,0.23031756110439755,0.23037715987477644,0.23044218400272404,0.23051240156634326,0.230587594409721,0.23066755709558648
0.25,0.2475868206508305,0.24553109960920086,0.2437634721847791,0.24223061146994657,0.24089126132379574,0.23971321284708882,0.2386710584398464,0.23774453842927784,0.2369173241604686,0.23617611818997797,0.23550998412146143,0.23490984316055666,0.23436809239791642,0.23387831263603898,0.2334350426399849,0.23303360309802923,0.2326699581179574,0.23234060531870004,0.23204248789629342,0.2317729237189838,0.23152954772680684,0.2313102648070905,0.23111321098061757,0.23093672122806977,0.23077930265851754,0.23063961200369787,0.23051643663706647,0.23040867848208937,0.2303153403023352,0.23023551396574948,0.2301683703537726,0.23011315064772925,0.2300691587739405,0.2300357548281391,0.2300123493311697,0.22999839819328743,0.22999339828490464,0.22999688352836517,0.23000842143901593,0.23002761005509967,0.2300540752052823,0.2300874680703287,0.23012746300184944,0.23017375556639186,0.2302260607876402,0.23028411156326326,0.23034765723613795,0.23041646230237964,0.23049030524090452,0.23056897745120936
0.25,0.24762959670310677,0.24559946149696643,0.24384582198876664,0.24231915939422302,0.24098080357326765,0.23980030456277585,0.23875345523324112,0.23782081817248202,0.23698662943687113,0.23623797975890837,0.2355641991030589,0.23495639045517125,0.23440707364326804,0.2339099108186764,0.2334594930035652,0.23305117267653686,0.23268093135612875,0.23234527401162847,0.23204114420710611,0.2317658553972506,0.23151703490352593,0.23129257791968266,0.23109060950682378,0.23090945299689153,0.2307476035702139,0.23060370603683397,0.23047653605387794,0.230364984167608,0.23026804219037064,0.2301847915177421,0.23011439306601963,0.2300560785694639,0.23000914302388192,0.2299729381009146,0.22994686638779352,0.22993037633192365,0.2299229577896339,0.2299241380947589,0.22993347857610205,0.22995057146385703,0.2299750371341866,0.23000652164873397,0.2300446945521562,0.23008924689605578,0.2301398894621241,0.2301963511610518,0.2302583775869242,0.23032572970950396,0.23039818268908727,0.2304755248005704
0.25,0.2476709081404024,0.24566604021959912,0.24392668710647666,0.24240682482892337,0.2410701888935692,0.23988798762212502,0.2388371606848303,0.23789906657742038,0.23705849534759352,0.2363029239151004,0.23562195129354535,0.2350068672506257,0.23445032030628135,0.23394606010277802,0.2334887358357105,0.2330737372580711,0.23269706826457895,0.2323552456034368,0.23204521711731965,0.23176429527755593,0.23151010278243428,0.23128052774009347,0.23107368651827592,0.2308878927673291,0.23072163144522562,0.23057353692012728,0.2304423744161515,0.2303270242154653,0.2302264681449292,0.23013977796589888,0.23006610535719113,0.2300046732379429,0.22995476822240285,0.22991573403507953,0.22988696574403752,0.22986790469395113,0.22985803403993252,0.2298568747990389,0.22986398234942287,0.22987894331787206,0.22990137280542167,0.22993091190815926,0.22996722549655305,0.23001000022184132,0.2300589427224013,0.23011377800671284,0.23017424799266398,0.23024011018560575,0.23031113647983187,0.2303871120700969
0.25,0.247710838453965,0.2457309064709853,0.2440060864054747,0.24249356467399896,0.24115931542458044,0.23997610991541005,0.23892198229838071,0.2379790601750998,0.23713267570188615,0.23637068865016914,0.23568296848077083,0.23506099560688587,0.23449755223437654,0.23398648084854046,0.23352249409547546,0.23310102397495858,0.2327181013168608,0.23237025875580397,0.2320544520712254,0.23176799598368866,0.23150851140968814,0.23127388186026626,0.23106221718403205,0.23087182324641622,0.23070117643603152,0.23054890211904627,0.23041375634057457,0.23029461021082528,0.2301904365224876,0.2301002982315512,0.23002333850172066,0.22995877206676052,0.2299058777085235,0.22986399168338553,0.22983250195811744,0.229810843139243,0.22979849199873878,0.2297949635143632,0.22979980735561567,0.229812604756847,0.22983296572777998,0.22986052655898262,0.22989494758593393,0.22993591118044004,0.22998311994247247,0.23003629506914808,0.23009517488066278,0.23015951348562458,0.2302290795704769,0.23030365529962724
0.25,0.2477494653830807,0.24579412888123814,0.24408404291138103,0.24257934586781707,0.2412480959383697,0.24006453715609483,0.2390077473782503,0.2380605963257944,0.23720894546816335,0.23644103295227095,0.23574699895334505,0.23511851737418177,0.23454850822577486,0.2340309114593227,0.2335605078515274,0.23313277613843106,0.23274377825659262,0.23239006652560054,0.23206860807461097,0.23177672291222415,0.23151203286197133,0.2312724192067465,0.23105598735700256,0.23086103721764956,0.2306860382053394,0.23052960808180376,0.2303904949353629,0.23026756177296603,0.2301597732876261,0.23006618444723456,0.22998593061529124,0.22991821896572032,0.2298623209954577,0.22981756597203482,0.22978333518061123,0.2297590568571106,0.22974420171229915,0.22973827896660354,0.22974083282781776,0.22975143935409179,0.2297697036531193,0.2297952573755636,0.22982775646673212,0.22986687914553156,0.22991232408397672,0.22996380876411618,0.2300210679922875,0.23008385255321503,0.23015192798868433,0.23022507348743132
0.25,0.2477868612997163,0.24585577375748063,0.2441605827870263,0.24266414378315226,0.24133645587556235,0.24015315074334068,0.23909430085040245,0.23814349108444927,0.23728709873502313,0.23651373489006747,0.23581380971921723,0.235179192548051,0.2346029445169777,0.23407910699425313,0.23360253301095504,0.23316875207412738,0.23277386103019124,0.232414435385798,0.23208745679539156,0.23179025340510923,0.23152045048397188,0.23127592933667757,0.23105479292274345,0.23085533693745766,0.23067602536565612,0.2305154697179461,0.2303724113142287,0.23024570610137882,0.2301343115883606,0.2300372755586655,0.22995372628114236,0.22988286398940047,0.22982395343957887,0.2297763173883788,0.22973933085939052,0.2297124160871169,0.22969503804564437,0.22968670048338177,0.22968694239726506,0.22969533488977925,0.2297114783604517,0.2297349999904173,0.22976555148449535,0.22980280704013542,0.22984646151674895,0.22989622878247198,0.22995184021840573,0.23001304336294384,0.2300796006809875,0.23015128844473254
0.25,0.24782309357771853,0.24591590491460952,0.24423573449844382,0.2427479408687272,0.24142433165184649,0.24024184589615347,0.2391815033431512,0.23822757730719837,0.23736694689220245,0.2365885898952588,0.23588318490251972,0.23524279778398166,0.23466063341302307,0.2341308379086247,0.23364834016259667,0.23320872406041276,0.23280812481211674,0.23244314432981567,0.23211078173968233,0.23180837599063156,0.2315335581880053,0.2312842117904183,0.23105843919996555,0.2308545335790208,0.2306709549623148,0.23050630991691726,0.2303593341472012,0.23022887755591467,0.23011389136299512,0.23001341695595603,0.22992657620354887,0.22985256301101636,0.22979063593297866,0.2297401116906561,0.22970035946517256,0.22967079585921096,0.22965088043619492,0.22964011176014099,0.22963802387091697,0.2296441831392967,0.22965818545426914,0.22967965370182802,0.22970823550016262,0.22974360116097917,0.2297854418507551,0.22983346792918838,0.22988740744505368,0.22994700477219737,0.2300120193705634,0.23008222465899983
0.25,0.24785822494396859,0.2459745835760116,0.2443095281350077,0.2428307254980856,0.24151166919589798,0.24033053002267352,0.2392692294945239,0.23831270296954707,0.23744831700553476,0.2366654092209384,0.23595492429873438,0.2353091250541512,0.23472136204511584,0.23418588890848316,0.23369771352285473,0.23325247735883012,0.23284635711311089,0.2324759840508018,0.23213837749569383,0.23183088968593119,0.23155115980962288,0.23129707549521838,0.23106674038772526,0.23085844671887493,0.23067065199580644,0.2305019591028146,0.23035109924484712,0.23021691726781948,0.23009835897559888,0.2299944601314078,0.22990433688602582,0.2298271774193266,0.22976223461753748,0.22970881963784529,0.22966629623590973,0.22963407575153053,0.2296116126639606,0.22959840064182188,0.22959396902377627,0.22959787967545103,0.2296097241759445,0.229629121293818,0.22965571471802598,0.22968917101392833,0.22972917777850982,0.22977544197232028,0.22982768840854023,0.22988565838205263,0.22994910842352642,0.23001780916534637
0.25,0.24789231381007265,0.24603186832837998,0.24438199485688042,0.24291249099380907,0.24159842268587947,0.2404191212933361,0.23935736645765265,0.23839872967065287,0.2375310503633025,0.23674401855587873,0.23602884207070376,0.2353779804308908,0.23478493124209018,0.23424405790744735,0.23375044997339786,0.2332998093272644,0.23288835696303486,0.2325127561883448,0.2321700490387233,0.23185760335500546,0.23157306851375226,0.2313143382150253,0.2310795190548335,0.23086690386224706,0.23067494897972976,0.23050225482197412,0.23034754917281763,0.2302096727788434,0.2300875668775263,0.22998026236151098,0.2298868703320736,0.22980657383656553,0.22973862061864325,0.2296823167379074,0.22963702093841745,0.22960213966438686,0.22957712263695207,0.22956145891885843,0.22955467340470337,0.22955632368340673,0.22956599722715978,0.2295833088674882,0.22960789852445698,0.2296394291596153,0.229677584927165,0.22972206950114663,0.22977260455926893,0.22982892840643504,0.22989079472310467,0.22995797142543054
0.25,0.2479254145840144,0.24608781511808012,0.2444531664476936,0.24299323480024254,0.2416845534565871,0.24050754739105173,0.23944581257946554,0.23848553130146566,0.2376150011742357,0.23682425677731828,0.23610476557013782,0.23544918298335585,0.23485115450377625,0.2343051550752123,0.2338063581813967,0.23335052860750127,0.23293393416088448,0.23255327263597428,0.23220561109128365,0.23188833511684812,0.23159910624653607,0.23133582604204977,0.23109660566751858,0.23087974000351963,0.23068368553107604,0.23050704136038885,0.23034853289398063,0.2302069977059121,0.2300813732926717,0.22997068641102553,0.22987404376650455,0.229790623855594,0.22971966979688524,0.22966048301286796,0.22961241764580126,0.22957487560909434,0.2295473021905594,0.22952918213633142,0.2295200361546419,0.2295194177873437,0.22952691060441402,0.22954212568284452,0.22956469933656432,0.229594291068484,0.2296305817195333,0.2296732717927977,0.22972207993362445,0.22977674154894623,0.22983700755111566,0.2299026432133096
0.25,0.24795757796179063,0.24614247727912428,0.24452307495426107,0.24307295778216606,0.24177002905345374,0.24059574441530615,0.23953447623124816,0.23857299285734554,0.23770003539987472,0.23690597482694856,0.23618253427110902,0.23552256377548286,0.23491985706574087,0.23436900196841312,0.23386525779401937,0.2334044543798154,0.23298290858540943,0.23259735490356756,0.23224488753308686,0.23192291179896407,0.23162910322857225,0.23136137292620104,0.23111783815181405,0.23089679721861334,0.2306967079899232,0.23051616938828584,0.2303539054356896,0.23020875142911226,0.23007964192439267,0.22996560025724042,0.2298657293755955,0.22977920379464448,0.22970526251621887,0.2296432027793429,0.22959237452938716,0.229552175510439,0.22952204689977407,0.22950146941523134,0.2294899598362752,0.22948706788791848,0.22949237344375134,0.22950548401030202,0.22952603246002642,0.22955367498453902,0.2295880892433769,0.22962897268673718,0.22967604103332878,0.22972902688680064,0.2297876784762125,0.2298517585077439
0.25,0.2479888511994597,0.24619590558488158,0.2445917523982896,0.24315166363040291,0.24185482241309875,0.2406836559202703,0.23962327477246648,0.23866100937823861,0.2377860297061451,0.23698903469664406,0.23626199880362805,0.23559796495470697,0.23499087504609034,0.23443543073559736,0.233926978699855,0.2334614156780575,0.23303510956050155,0.2326448335294325,0.2322877108561829,0.2319611684320269,0.2316628974857315,0.23139082023892743,0.2311430614875244,0.23091792428642344,0.23071386906592362,0.2305294956294699,0.23036352757999629,0.23021479880097734,0.23008224168224833,0.2299648768327015,0.22986180406448578,0.22977219446819838,0.22969528342724693,0.22963036444325083,0.22957678366398523,0.22953393502169622,0.22950125590323772,0.22947822328488163,0.22946435027422693,0.22945918300969723,0.22946229787493058,0.2294732989911376,0.2294918159554113,0.22951750179715302,0.22955003112835295,0.22958909846652473,0.22963441671172563,0.2296857157613593,0.22974274124841534,0.22980525339049412
0.25,0.2480192783663029,0.24624814831729386,0.2446592305476432,0.24322935835831594,0.24193891115305338,0.24077123206972764,0.23971213363166957,0.23874948500161247,0.23787287052083822,0.23707330851207933,0.23634302007678412,0.2356752389221257,0.2350640546660834,0.2345042833889834,0.2339913603507549,0.23352125075943528,0.23309037527016302,0.23269554753741464,0.2323339216610712,0.23200294778190622,0.23170033441413967,0.23142401636836712,0.23117212733095582,0.230942976336746,0.23073502750924393,0.23054688255329056,0.23037726557484012,0.23022500987526542,0.2300890464268861,0.22996839378487077,0.2298621492304,0.22976948097267927,0.22968962126439463,0.22962186030757573,0.229565540845429,0.22952005335121217,0.22948483173819798,0.2294593495256623,0.2294431164049996,0.22943567515780652,0.229436598884328,0.22944548850622454,0.2294619705123585,0.2294856949203429,0.22951633343006048,0.22955357774833546,0.22959713806649834,0.22964674167479326,0.2297021316994868,0.22976306595019258
0.25,0.24804890057997167,0.2462992513486707,0.24472554073684405,0.24330604987561685,0.2420222769557788,0.24085842889395023,0.23980098549037443,0.23883833211519057,0.23796045318529307,0.23715867770377017,0.23642546848214643,0.23575424757585522,0.2351392515372309,0.2345754111365,0.2340582511382999,0.2335838065238212,0.23314855221843014,0.232749343934879,0.2323833681900499,0.23204809991569428,0.2317412663762754,0.23146081634304325,0.2312048936638946,0.23097181452239757,0.23076004780385803,0.23056819808730772,0.23039499086444767,0.23023925965360229,0.2300999347315779,0.22997603325133054,0.22986665055041153,0.2297709524857716,0.22968816865587388,0.22961758639215193,0.22955854541943344,0.22951043309965535,0.22947268018553654,0.22944475702125247,0.22942617013592043,0.22941645918311518,0.22941519418592898,0.22942197305244388,0.22943641933105313,0.22945818017897848,0.2294869245206824,0.22952234137575867,0.22956413833836994,0.22961204019244974,0.2296657876487467,0.22972513619140555
0.25,0.24807775622459122,0.24634925823217493,0.24479071372824138,0.24338174762798687,0.24210490503420135,0.24094520763564045,0.2398897695576326,0.23892747059811406,0.23804868118996791,0.23724503225629234,0.23650922316918388,0.23583486162024903,0.2352163300083689,0.23464867376831325,0.23412750781973315,0.23364893797797723,0.2332094947301255,0.2328060772478601,0.23243590589446553,0.23209648179871786,0.2317855523254522,0.2315010814816219,0.23124122446657439,0.2310043057134671,0.23078879988130577,0.23059331534892616,0.23041657983735092,0.23025742784852493,0.23011478965905216,0.229987681649282,0.22987519778258866,0.22977650207829015,0.22969082194543705,0.22961744226454084,0.22955570012090296,0.2295049801071275,0.22946471012411093,0.2294343576196826,0.22941342621242855,0.22940145265532297,0.229398004099822,0.2294026756262207,0.22941508801047136,0.22943488570143267,0.22946173498575984,0.22949532232043807,0.22953535281537168,0.22958154885052937,0.22963364881395582,0.22969140594853574
0.25,0.24810588115283613,0.2463982102979379,0.24485477960672297,0.24345646229274373,0.24218678366778384,0.2410315341737628,0.23997843092453286,0.2390168271405431,0.23813746548480436,0.23733227002749233,0.23659417138538763,0.23591695993446357,0.2352951625669063,0.23472393909267747,0.2341989949887511,0.23371650774057878,0.23327306448874735,0.23286560909006288,0.23249139703287264,0.23214795691983245,0.23183305745623567,0.2315446790665076,0.2312809894126034,0.23104032221184567,0.2308211588532197,0.23062211239443914,0.23044191359059044,0.23027939866160227,0.23013349855240076,0.2300032294782072,0.22988768457947442,0.2297860265376251,0.2296974810250131,0.22962133088115402,0.22955691092290129,0.22950360330939698,0.22946083339372084,0.2294280660025492,0.22940480209309694,0.22939057574338614,0.22938495143765822,0.22938752161367998,0.22939790444292285,0.2294157418182252,0.22944069752667567,0.22947245558815427,0.22951071874230228,0.2295552070687173,0.229605656726929,0.22966181880424286
0.25,0.24813330887300566,0.2464461467524014,0.2449177677020349,0.24353020552225743,0.24226790379967858,0.2411173785155537,0.24006691998923588,0.2391063346329088,0.238226723856347,0.23742029613043447,0.23668020787459546,0.2360004289945672,0.235375629289073,0.23480108241649494,0.2342725845870332,0.23378638558435064,0.23333913010818969,0.23292780776274077,0.23254971029742114,0.232202394942572,0.2318836528785944,0.23159148203927302,0.2313240635840254,0.23107974148436386,0.23085700476108906,0.2306544719840751,0.2304708777088073,0.2303050605754381,0.23015595283895438,0.23002257113466978,0.2299040083129485,0.22979942620187915,0.22970804917740326,0.22962915843785506,0.2295620868945652,0.2295062146025836,0.22946096466606997,0.22942579956180376,0.22940021783183626,0.22938375110276,0.22937596139458846,0.229376438686962,0.22938479871445486,0.22940068096624971,0.2294237468684596,0.22945367812998238,0.22949017523503024,0.2295329560674388,0.22958175465356687,0.22963632001208673
0.25,0.24816007072210755,0.246493104779012,0.24497970653376389,0.24360298972804673,0.24234825868680993,0.24120271434826204,0.24015519194430462,0.23919593161707595,0.23831638036450936,0.2375090223716453,0.23676723432773222,0.23608516234401627,0.2354576173345462,0.23487998606645907,0.23434815545282076,0.23385844801201192,0.23340756673532626,0.23299254788278007,0.23261072046606054,0.23225967137997258,0.23193721531380315,0.2316413687161197,0.23137032720486775,0.23112244591303066,0.2308962223418778,0.2306902813617756,0.2305033620570527,0.23033430615847325,0.23018204784612484,0.23004560473832525,0.22992406990960915,0.22981660480389318,0.2297224329282871,0.22964083422934112,0.22957114006730958,0.22951272871568318,0.22946502132315044,0.22942747828357654,0.22939959596677426,0.2293809037689822,0.22937096144722854,0.22936935670627445,0.22937570301071988,0.22938963759820752,0.22941081967255889,0.22943892875818853,0.22947366319932155,0.22951473878943776,0.22956188751801906,0.22961485642312185
0.25,0.2481861960259287,0.24653911963881217,0.24504062377485486,0.24367482789953612,0.242427843595851,0.2412875186432596,0.24024320631910376,0.23928556179259025,0.23840636483268873,0.2375983667399313,0.2368551588808103,0.23617106010787706,0.23554102048132194,0.23496053894708233,0.23442559290323595,0.23393257786306143,0.2334782556807926,0.23305971003658832,0.2326743080783915,0.23231966729110304,0.23199362681031255,0.23169422252174252,0.23141966539168926,0.2311683225610107,0.23093870080824672,0.23072943204855328,0.2305392605862522,0.23036703188160534,0.23021168262830483,0.23007223196829707,0.22994777369588953,0.2298374693244297,0.22974054190685742,0.229656270516667,0.2295839853087271,0.22952306309037337,0.2294729233425257,0.2294330246385442,0.22940286141534902,0.22938196105716263,0.2293698812572438,0.22936620762729476,0.22937055152794167,0.22938254809690353,0.22940185445424893,0.2294281480665568,0.22946112525389972,0.22950049982540108,0.22954600183071663,0.22959737641619296
0.25,0.24821171224702543,0.24658422476980965,0.24510054623022107,0.24374573345233352,0.24250665553901296,0.24137177130610482,0.24033092657092492,0.23937517357198335,0.23849661238564654,0.2376882529406779,0.2369438956555898,0.23625802854665928,0.23562573869712533,0.23504263613229226,0.23450478834736763,0.23400866394873637,0.23355108407556543,0.23312918045762343,0.2327403591332067,0.23238226899752884,0.2320527744779711,0.2317499317401259,0.23147196791978397,0.23121726295310818,0.23098433364224621,0.23077181964838628,0.23057847115036206,0.23040313794573491,0.23024475980399833,0.23010235790915035,0.22997502725219388,0.22986192985384735,0.229762288714462,0.22967538240233054,0.2296005402036381,0.22953713776759022,0.2294845931890328,0.22944236347839048,0.2294099413751914,0.22938685246697918,0.2293726525801754,0.22936692541356718,0.22936928038864396,0.2293793506940869,0.2293967915043833,0.22942127835486187,0.2294525056574691,0.22949018534337343,0.22953404562003102,0.22958382983170236
0.25,0.24823664512151744,0.24662845188427665,0.24515949982757007,0.2438157201016389,0.2425846930443859,0.24145545486695655,0.24041831971925956,0.23946471967980837,0.23858706303019828,0.2377786099710935,0.2370333643387889,0.23634597964606063,0.23571167774403853,0.235126178487615,0.2345856389274502,0.23408660071274034,0.2336259445511764,0.23320085072560962,0.23280876480595536,0.23244736781810588,0.23211455023914154,0.23180838928094155,0.23152712900382139,0.23126916286963906,0.23103301840145193,0.23081734366570142,0.2306208953343409,0.2304425281194259,0.23028118540242892,0.2301358909057636,0.2300057412754023,0.2298898994616595,0.22978758880068378,0.22969808771238703,0.2296207249417929,0.22955487528040838,0.2294999557124649,0.22945542193794705,0.22942076523040872,0.2293955095928145,0.2293792091791641,0.2293714459535688,0.22937182756183408,0.22937998539354504,0.2293955728152074,0.22941826355722666,0.22944775023945368,0.22948374302172733,0.22952596836733682,0.22957416790863638
0.25,0.24826101878551615,0.2466718310633436,0.24521750961804586,0.24388480175703356,0.24266195595627585,0.24153855420644202,0.24050535601831285,0.23955415679069425,0.2386776612743074,0.2378693717323519,0.23712348979616804,0.23643483073930407,0.23579874881336044,0.23521107232026464,0.2346680471857255,0.23416628791557442,0.23370273494160695,0.23327461748567702,0.23287942118453286,0.23251485982065254,0.23217885059538904,0.23186949246033983,0.23158504709181865,0.23132392215267653,0.23108465653660895,0.230865907333584,0.2306664382921404,0.2304851095859426,0.2303208687189404,0.23017274242645996,0.23003982944914858,0.22992129407342046,0.2298163603463404,0.22972430688510717,0.22964446221176985,0.22957620055279612,0.22951893805083146,0.2294721293426356,0.22943526446291193,0.22940786603869592,0.22938948674325232,0.22937970698214363,0.2293781327873568,0.229384393898182,0.22939814200998146,0.22941904917412337,0.22944680633422312,0.22948112198547227,0.22952172094527232,0.2295683432246563
0.25,0.2482848558919629,0.24671439084842559,0.24527459978468535,0.24395299243543933,0.24273844526158928,0.2416210563126971,0.24059200866343655,0.23964344520224437,0.23876835578066652,0.23796047667502304,0.23721420171819757,0.2365245041590899,0.23588686818801433,0.23529722905472347,0.23475192075481516,0.23424763034051313,0.23378135800509783,0.23335038218582724,0.23295222902194793,0.23258464558918493,0.2322455764085426,0.23193314279503938,0.23164562467144023,0.23138144452374781,0.23113915321993453,0.23091741745192917,0.2307150085939874,0.2305307927989888,0.23036372217856235,0.2302128269338146,0.23007720832132725,0.2299560323544311,0.2298485241529269,0.22975396286573158,0.22967167710065106,0.22960104080385238,0.22954146953882612,0.22949241712086305,0.22945337256845885,0.2294238573377298,0.22940342280997347,0.2293916480060292,0.229388137504158,0.22939251954083456,0.2294044442761785,0.22942358220779643,0.22944962271859518,0.229482272745702,0.2295212555590081,0.22956630963907262
0.25,0.24830817771860136,0.2467561583291566,0.2453307936570187,0.24402030618950324,0.24281416293884112,0.24170295006583115,0.24067825352767136,0.2397325485390815,0.23885909905127653,0.23805186747456272,0.2373054342943579,0.23661492691648678,0.23597595693008655,0.2353845649316337,0.23483717206963967,0.23433053751945526,0.2338617211642756,0.23342805083127882,0.23302709350455497,0.23265663000552098,0.23231463269504046,0.2319992458087184,0.2317087680877108,0.23144163741214105,0.23119641718330483,0.23097178423481926,0.2307665180822954,0.2305794913465334,0.23040966120716952,0.23025606176260507,0.2301177971883315,0.22999403559979845,0.22988400353806576,0.22978698100691375,0.22970229699909128,0.22962932545716444,0.22956748162116233,0.2295162187210488,0.22947502497711025,0.22944342087574401,0.22942095669195753,0.2294072102332198,0.22940178478221596,0.22940430721859656,0.22941442630204062,0.22943181110090136,0.22945614955241947,0.22948714714199622,0.22952452569034798,0.22956802223853662
0.25,0.24833100426775484,0.24679715922761658,0.24538611373042565,0.24408675704905705,0.2428891118268142,0.24178422604653327,0.24076406892503843,0.23982143348475637,0.2389498471399158,0.23814349073397575,0.23739712591342652,0.2367060304043541,0.23606594059131705,0.2354730007280339,0.2349237180991095,0.23441492347704707,0.23394373626314524,0.23350753375437866,0.23310392403465935,0.2327307220441676,0.23238592843256836,0.23206771084980088,0.23177438737130968,0.23150441179305656,0.23125636056561816,0.23102892116647253,0.23082088173559856,0.2306311218221594,0.23045860410970906,0.2303023670044152,0.2301615179855655,0.23003522763042122,0.2299227242365631,0.22982328897447438,0.22973625151142665,0.22966098605495364,0.22959690777046352,0.22954346953298993,0.22950015897782097,0.22946649581887607,0.22944202940730513,0.2294263365059317,0.22941901925791794,0.22941970333044143,0.22942803621629373,0.22944368567817064,0.22946633832206348,0.22949569828760533,0.22953148604450055,0.22957343728529425
0.25,0.24835335435853143,0.24683741797872233,0.24544058168909233,0.24415235897364024,0.24296329551029058,0.24186487636594214,0.2408494353976131,0.23991006953860758,0.23904055938972626,0.23823529671106686,0.2374892188873731,0.23679775012312831,0.23615674894457578,0.23556246149716112,0.2350114800959796,0.23450070649162358,0.23402731933963486,0.23358874539888716,0.23318263402641048,0.23280683457950332,0.232459376378088,0.2321384509198103,0.23184239607668636,0.23156968203490266,0.23131889876868944,0.23108874486516645,0.23087801753995366,0.23068560370342087,0.23051047195501673,0.23035166539844448,0.23020829518381142,0.23007953469450917,0.2299646143067033,0.22986281665812197,0.2297734723704984,0.22969595617670308,0.22962968340941906,0.22957410681329074,0.22952871364690847,0.2294930230448637,0.22946658361349995,0.22944897123695257,0.22943978707267632,0.22943865571794692,0.22944522353083593,0.2294591570909305,0.22948014178663337,0.22950788051725982,0.22954209249937058,0.22958251216786066
0.25,0.24837524571203276,0.24687695780672422,0.2454942184316134,0.2442171258143644,0.2430367182206131,0.24194489451425574,0.2409343355237601,0.23999842879498315,0.23913119819344142,0.2383272390679629,0.2375816591967263,0.23689002542701926,0.23624831573454827,0.2356528763262085,0.23510038336341102,0.23458780887164932,0.23411239041249549,0.23367160411755092,0.23326314071399595,0.23288488420435546,0.23253489289643206,0.23221138251153606,0.23191271112930323,0.23163736575509652,0.2313839503210844,0.2311511749545871,0.23093784636730186,0.2307428592367348,0.23056518846678042,0.2304038822281108,0.23025805569106628,0.23012688537427473,0.23000960404144283,0.22990549608682107,0.22981389335689092,0.22973417136198482,0.22966574583694002,0.22960806961460628,0.22956062978016137,0.229522945077813,0.22949456354464676,0.22947506034917398,0.2294640358145931,0.22946111360894195,0.22946593908622767,0.2294781777643065,0.22949751392677578,0.22952364933745864,0.22955630205723154,0.22959520535398237
0.25,0.24839669503009862,0.24691580079780304,0.24554704409844902,0.244281071283647,0.24310938474912988,0.2420242752258661,0.2410187537452134,0.2400864857425225,0.23922172877404457,0.2384192746408293,0.23767439625548883,0.23698279928885305,0.2363405784460239,0.23574417811057918,0.2351903570369155,0.23467615674645853,0.2341988732814682,0.23375603198197442,0.23334536497123579,0.23296479105914972,0.23261239779871398,0.2322864254563224,0.23198525268137105,0.23170738368378402,0.23145143674935167,0.23121613394210289,0.231000291860324,0.23080281332837327,0.23062267992024577,0.23045894522306845,0.23031072875949354,0.2301772104974646,0.23005762588419074,0.22995126134851382,0.22985745022230866,0.2297755690372259,0.22970503415806834,0.22964529871846673,0.2295958498283685,0.22955620602623705,0.22952591495183866,0.22950455121812038,0.2294917144629965,0.22948702756390787,0.2294901349998253,0.22950070134696668,0.22951840989591768,0.22954296137909996,0.2295740727986502,0.22961147634576498
0.25,0.24841771806807975,0.24695396796880567,0.245599078100588,0.24434420893155445,0.2431813003718303,0.24210301435907475,0.24110267621095127,0.24017421708145104,0.239312118983881,0.23851136322791486,0.23776738269386816,0.2370760180819686,0.23643347808833198,0.23583630334331368,0.23528133388048178,0.23476567987020378,0.23428669533972743,0.2338419546038885,0.23342923114175462,0.2330464786708811,0.23269181418986384,0.2323635027798483,0.23205994397549484,0.2317796595349425,0.23152128245615716,0.23128354710350263,0.2310652803233607,0.23086539344115756,0.23068287504429175,0.23051678446629192,0.23036624589716356,0.23023044305342474,0.23010861434888824,0.23000004851392436,0.22990408061683534,0.2298200884461718,0.22974748921741162,0.22968573657146793,0.22963431783606467,0.22959275152417116,0.22956058504647087,0.22953739261730233,0.22952277333568583,0.22951634942497878,0.22951776461641055,0.22952668266326318,0.22954278597381098,0.22956577435232872,0.2295953638385432,0.2296312856368527
0.25,0.24843832970209306,0.2469914793321903,0.24565033914888565,0.2444065521276783,0.24325247078370058,0.24218110878868127,0.2411860906360526,0.24026160155706278,0.23940233912045325,0.23860346739424979,0.2378605741572611,0.23716963137772867,0.23652695899460727,0.2359291919184875,0.23537325009579,0.23485631143801883,0.23437578739769532,0.23392930096699213,0.23351466687898048,0.23312987380121944,0.23277306832466124,0.23244254056581917,0.23213671121569784,0.23185411988437324,0.23159341460486305,0.23135334237377328,0.23113274061900352,0.230930529496486,0.2307457049285325,0.230577332305905,0.23042454078428046,0.2302865181134156,0.23016250594412072,0.23005179556419483,0.22995372401983954,0.2298676705838246,0.2297930535358934,0.2297293272246284,0.22967597938330453,0.22963252867518769,0.22959852244633208,0.22957353466623273,0.22955716403873253,0.22954903226739648,0.22954878246117882,0.2295560776676414,0.229570599522259,0.22959204700348354,0.22962013528425534,0.2296545946715538
0.25,0.24845854399117848,0.24702835395727737,0.24570084528364478,0.24446811404762644,0.24332290204152124,0.24225855630994336,0.24126898617392836,0.2403486198077669,0.23949236175731747,0.23869555229148992,0.2379539291200839,0.23726359175734213,0.23662096863468954,0.23602278694748763,0.23546604514351738,0.2349479879134884,0.2344660835174017,0.234018003268614,0.23360160299528182,0.2332149063031193,0.23285608947168704,0.23252346782703956,0.23221548344533274,0.23193069405413094,0.23166776301013312,0.2314254502435286,0.2312026040699943,0.2309981537813576,0.230811102935129,0.23064052327145823,0.23048554919361855,0.23034537275491623,0.2302192391010162,0.23010644232212146,0.23000632167430798,0.2299182581336491,0.22984167125062294,0.22977601627572855,0.22972078153029005,0.2296754859991434,0.22963967712431596,0.22961292878095776,0.22959483941869577,0.22958503035328634,0.22958314419495893,0.22958884340119678,0.22960180894291002,0.22962173907403446,0.22964834819555488,0.22968136580581447
0.25,0.2484783742347455,0.24706461002792218,0.2457506139040925,0.24452890766334537,0.24339260051399517,0.24233535555259078,0.24135135330050483,0.240435254226249,0.23958216158865886,0.2387875854915513,0.23804740871317376,0.23735785463681652,0.23671545744057043,0.23611703458717265,0.23555966157582867,0.23504064886659742,0.23455752085663414,0.2341079967705049,0.23368997331961316,0.2333015089853571,0.23294080978466422,0.23260621638337886,0.23229619243143118,0.23200931400297445,0.23174426003417786,0.23149980366072953,0.23127480436609849,0.231068200860079,0.23087900461501876,0.23070629399438103,0.23054920891491004,0.23040694598967573,0.2302787541047027,0.23016393038677577,0.2300618165244036,0.22997179540785506,0.2298932880577033,0.22982575081445955,0.22976867276468815,0.22972157338150564,0.22968400035960715,0.22965552762696365,0.2296357535171213,0.2296242990876287,0.22962080657154635,0.22962493795026592,0.22963637363701087,0.22965481126140963,0.2296799645464508,0.22971156226994893
0.25,0.24849783302566694,0.24710026489673703,0.24579966179747564,0.2445889457366075,0.24346157283824063,0.24241150590373212,0.24143318370909667,0.24052148883245497,0.23967171528627496,0.23887953683281365,0.23814097656361352,0.23745237810397216,0.2368103786434011,0.23621188387901088,0.23565404487922165,0.23513423682140225,0.23465003952218738,0.2341992196581289,0.23377971456309088,0.2333896174844658,0.23302716418070066,0.23269072074618125,0.23237877255507614,0.23208991422245467,0.23182284048828328,0.23157633793736507,0.23134927747564338,0.23114060749036644,0.23094934762829308,0.2307745831323552,0.23061545968294683,0.23047117869528744,0.23034099302911315,0.2302242030713117,0.23012015315606,0.23002822829057773,0.22994785115780972,0.2298784793702235,0.22981960295148834,0.22977074202511447,0.2297314446912048,0.22970128507432985,0.22967986152720102,0.22966679497630985,0.22966172739703863,0.2296643204069478,0.22967425396702104,0.22969122518161686,0.22971494718874158,0.22974514813304134
0.25,0.24851693229935054,0.247135335136003,0.24584800516755637,0.24464824081509626,0.24352982588181044,0.24248700743863535,0.24151447021485098,0.2406073091572426,0.23976100136782283,0.23897137827779252,0.23823459864593693,0.23754712276654558,0.23690568812116192,0.23630728659837089,0.23574914332697108,0.23522869711273192,0.23474358243157792,0.23429161290787415,0.23387076619196803,0.23347917014357927,0.23311509022498575,0.2327769180087071,0.23246316070741657,0.23217243163828613,0.23190344153929554,0.23165499066078848,0.23142596156143674,0.2312153125435761,0.23102207166847255,0.23084533129737544,0.2306842431091754,0.23053801355007894,0.23040589967494235,0.23028720534377387,0.2301812777404378,0.23008750418379162,0.23000530920438117,0.2299341518624353,0.2298735232852585,0.22982294440424617,0.22978196387365815,0.22975015615500893,0.22972711975247892,0.22971247558614372,0.22970586549107072,0.22970695083145665,0.22971541121999492,0.2297309433335717,0.2297532598172125,0.22978208826894025
0.25,0.24853568337909426,0.24716983658541575,0.2458956596623406,0.2447068052306088,0.24359736670950813,0.2425618608584842,0.24159520666776893,0.24069270213567134,0.23985000007530485,0.23906308378128674,0.23832824314377393,0.23764205161050167,0.2370013442561775,0.2364031971132103,0.23584490784047935,0.23532397775128464,0.23483809518264367,0.23438512016165067,0.23396307030752073,0.2335701078977385,0.23320452802152808,0.23286474774222485,0.23254929619097153,0.2322568055166764,0.23198600262075783,0.2317357016094262,0.23150479690080156,0.23129225692881636,0.23109711839044905,0.23091848098727974,0.2307555026165811,0.23060739497112498,0.2304734195105741,0.23035288377073532,0.23024513798008073,0.23014957195580302,0.23006561225427966,0.2299927195531889,0.22993038624466852,0.22987813422085462,0.22983551283489484,0.22980209702212048,0.22977748556749658,0.22976129950676372,0.2297531806498537,0.2297527902162161,0.22975980757264466,0.22977392906504998,0.2297948669364028,0.22982234832377113
0.25,0.24855409701800757,0.24720378439681404,0.2459426404009115,0.24476465109896953,0.24366420255436877,0.2426360674343207,0.24167538787342313,0.24077765600900747,0.23993869326287048,0.23915462916810498,0.23842188032108133,0.23773712986775158,0.23709730780173016,0.2364995722514743,0.2359412918588993,0.23542002929653827,0.23493352593049505,0.234479687608386,0.23405657153239595,0.23366237416524602,0.2332954201095538,0.23295415189740223,0.23263712062589886,0.23234297737531118,0.23207046534841955,0.23181841267259767,0.23158572580948347,0.23137138352071315,0.2311744313418808,0.23099397652054793,0.2308291833776715,0.23067926905520442,0.2305434996158095,0.230421186463605,0.23031168305761945,0.23021438189217858,0.2301287117207812,0.2300541350021586,0.22999014554915911,0.22993626636287404,0.22989204763603233,0.22985706491115404,0.2298309173802792,0.22981322631428908,0.22980363361092687,0.22980180045160797,0.22980740605800354,0.22982014654018776,0.22983973382887032,0.22986589468489838
0.25,0.24857218343775944,0.2472371930760414,0.245988961999276,0.2448217903213109,0.24373034079225536,0.2427096289564792,0.24175500952058765,0.2408621602346216,0.24002706429310447,0.23924599201956148,0.23851548240218515,0.23783232489254816,0.23719354175709315,0.23659637117657423,0.2360382512164498,0.2355168047369406,0.23502982527132646,0.23457526387196878,0.23415121690300789,0.23375591474468863,0.23338771136521452,0.2330450747106726,0.2327265778609286,0.23243089089871666,0.23215677343985777,0.23190306777420533,0.23166869256920417,0.23145263709061684,0.2312539558978404,0.23107176397418172,0.23090523225538298,0.2307535835225351,0.23061608862823968,0.23049206302745595,0.2303808635868832,0.23028188564897653,0.23019456032877222,0.2301183520236154,0.23005275611764164,0.22999729686447398,0.22995152543306863,0.22991501810298373,0.22988737459656822,0.22986821653667797,0.2298571860195395,0.22985394429329678,0.22985817053361313,0.22986956070845663,0.22988782652488515,0.22991269445127213
0.25,0.2485899523643951,0.2472700765220901,0.2460346385951617,0.24487823458643393,0.24379578891959341,0.24278254768889948,0.24183406811508382,0.2409462054030394,0.24011509794105512,0.23933715156800886,0.2386090234599316,0.23792760604589405,0.23729001125036156,0.23669355527036962,0.23613574402689053,0.23561425937688912,0.2351269461326387,0.23467179990522496,0.23424695576760068,0.2338506777172757,0.2334813489082803,0.23313746261527574,0.23281761388868194,0.23252049185774104,0.2322448726379713,0.23198961280006916,0.2317536433586513,0.23153596424105394,0.23133563919853212,0.23115179112449208,0.23098359774674668,0.2308302876631319,0.23069113669211616,0.23056546451223647,0.23045263156628737,0.23035203620815556,0.2302631120720328,0.2301853256454458,0.23011817402912213,0.2300611828681663,0.23001390444035677,0.22997591588860197,0.22994681758571392,0.2299262316206842,0.22991380039658302,0.22990918533105498,0.22991206565116382,0.2299221372750473,0.22993911177348852,0.22996271540509902
0.25,0.24860741306144454,0.24730244806367613,0.2460796838717223,0.2449339953740056,0.24386055453383138,0.24285482632778008,0.24191256091922303,0.24102978316148627,0.2402027803053301,0.239428088598745,0.23870247931130834,0.23802294458735754,0.23738668342851416,0.23679108802312587,0.23623373057466812,0.23571235073004995,0.23522484366945523,0.23476924888954462,0.2343437396896254,0.2339466133541692,0.23357628201351754,0.23323126415669654,0.2329101767651201,0.23261172803291538,0.2323347106381239,0.23207799552869865,0.23184052618770995,0.23162131334324068,0.2314194300899062,0.2312340073906324,0.23106422992916095,0.2309093322856435,0.23076859540958278,0.23064134336623454,0.230526940334375,0.23042478783504533,0.23033432217249636,0.23025501207006838,0.23018635648514996,0.23012788258866804,0.23007914389577175,0.23003971853548688,0.23000920764814592,0.22998723390033948,0.22997344010799983,0.22996748795901822,0.22996905682752194,0.22997784267259808,0.2299935570148572,0.23001592598478088
0.25,0.2486245743605292,0.24733432049338896,0.24612411108013324,0.24498908395839128,0.24392464531626834,0.2429264679640973,0.2419904858962957,0.24111288614333212,0.24029009872565327,0.23951878535869445,0.23879582741995575,0.23811831357374363,0.23748352735418632,0.2368889349299633,0.23633217321228397,0.23581103841859966,0.2353234751661502,0.23486756613980603,0.23444152235610544,0.23404367402850446,0.23367246202647468,0.23332642991224373,0.23300421653288245,0.23270454914147268,0.2324262370187301,0.23216816556530814,0.23192929083475486,0.2317086344774889,0.23150527906701063,0.23131836378072704,0.23114708040912885,0.2309906696685342,0.23084841779414222,0.23071965339167477,0.23060374452739735,0.23050009603777016,0.23040814704138277,0.23032736863714992,0.23025726177399714,0.23019735527843194,0.23014720402748573,0.23010638725552268,0.230074506984345,0.23005118656688894,0.23003606933559975,0.2300288173473054,0.23002911021708058,0.23003664403420893,0.23005113035391642,0.2300722952590675
0.25,0.24864144468965854,0.24736570609955857,0.24616793306107143,0.24504351141295533,0.24398806901693898,0.2429974760495713,0.24206784165961517,0.24119550790290628,0.240377041706336,0.23960922547131933,0.23888904680503967,0.23821368776411656,0.23758051390867915,0.23698706339335304,0.23643103626347123,0.23591028407800863,0.23542279994353524,0.234966709014271,0.2345402594906901,0.2341418141318237,0.23376984228341757,0.2334229124145301,0.2330996851482942,0.23279890676781848,0.2325194031750914,0.23226007427889653,0.23201988878683477,0.23179787937634616,0.23159313821993177,0.2314048128404548,0.23123210227332755,0.23107425351348504,0.2309305582262379,0.23080034970233618,0.23068300003882697,0.23057791752852402,0.23048454424210785,0.23040235378802865,0.23033084923648156,0.23026956119476064,0.23021804602227217,0.2301758841743975,0.23014267866524418,0.2301180536401106,0.23010165304921842,0.23009313941494094,0.23009219268537587,0.23009850916768526,0.2301118005351502,0.2301317929023743
0.25,0.24865803209939238,0.2473966166959755,0.24621116226508766,0.2450972886146904,0.24405083344128667,0.24306785436571066,0.2421446274256803,0.24127764285520473,0.24046359884516902,0.23969939385726788,0.23898211795600496,0.23830904353071267,0.2376776157007691,0.23708544263125192,0.2365302859318001,0.236010051267013,0.23552277927087778,0.23506663682915027,0.23463990877111662,0.2342409899946646,0.2338683780351765,0.23352066607863342,0.23319653641183702,0.2328947542972617,0.23261416225630388,0.2323536747422237,0.23211227318259248,0.23188900137032262,0.2316829611821848,0.23149330860395684,0.23131925004188678,0.23116003890089715,0.23101497241084093,0.23088338868308433,0.2307646639807031,0.2306582101866016,0.23056347245487913,0.2304799270317591,0.2304070792333509,0.23034446156842714,0.23029163199526398,0.23024817230240718,0.23021368660399147,0.23018779994095512,0.23017015698015691,0.23016042080402185,0.23015827178391307,0.23016340653095943,0.2301755369185573,0.23019438917121712
0.25,0.24867434428703336,0.24742706364959616,0.24625381077189032,0.24515042624906278,0.2441129464383935,0.24313760699561035,0.24222084297106664,0.2413592862200618,0.2405497607672887,0.23978927666031083,0.2390750227527714,0.23840435877532298,0.23777480698091844,0.23718404359050063,0.2366298902143623,0.23611030538244943,0.23562337628255037,0.23516731077755898,0.23474042975082327,0.23434115981106488,0.23396802637468322,0.2336196471327325,0.23329472590189174,0.23299204685282784,0.2327104691050713,0.23244892167452838,0.23220639875777432,0.23198195533606752,0.231774703081425,0.23158380654694655,0.23140847962376007,0.23124798224738857,0.231101617336938,0.23096872795122061,0.2308486946467159,0.23074093302309676,0.23064489144289252,0.23056004891269696,0.2304859131141513,0.230422018573727,0.23036792496109595,0.23032321550659893,0.23028749552901076,0.23026039106544471,0.2302415475958442,0.2302306288550739,0.2302273157261503,0.23023130520863985,0.2302423094567077,0.23026005488172063
0.25,0.24869038861900067,0.24745705790636002,0.24629589030856608,0.24520293481498043,0.24417441589056518,0.2432067382982162,0.24229648859269898,0.24144043397040119,0.2406355190636141,0.23987886117816004,0.23916774439097152,0.2384996128507592,0.2378720635605201,0.23728283886514034,0.23672981882021038,0.23621101357865273,0.23572455589903113,0.2352686938526047,0.23484178378447348,0.23444228356676108,0.23406874616799217,0.23371981355202637,0.2333942109115753,0.2330907412349884,0.23280828020026853,0.2325457713868419,0.23230222179319313,0.23207669764686734,0.23186832049235923,0.2316762635419078,0.23149974827408182,0.23133804126518165,0.2311904512388232,0.23105632631955525,0.2309350514769413,0.2308260461471843,0.23072876202005074,0.23064268097954857,0.23056731318750712,0.23050219529989383,0.23044688880636532,0.23040097848419133,0.23036407095830033,0.23033579335977442,0.23031579207566885,0.23030373158354556,0.23029929336459123,0.2303021748896419,0.23031208867285463,0.23032876138815822
0.25,0.24870617215152444,0.24748661001523936,0.24633741226677078,0.2452548246298101,0.24423524970409824,0.2432752528848032,0.24237156507119495,0.2415210827842198,0.2407208662334901,0.2399681357977983,0.239260267311866,0.23859478648705043,0.23796936273583993,0.23738180261932923,0.23683004309325537,0.2363121446911378,0.23582628475199757,0.2353707507743675,0.23494393395716912,0.23454432297087524,0.2341704979885944,0.23382112499575983,0.23349495038850657,0.23319079586415215,0.23290755360211088,0.23264418172976298,0.23239970006501745,0.2321731861253458,0.23196377139174446,0.23177063781527482,0.2315930145534084,0.23143017492328566,0.23128143355910358,0.23114614376111853,0.23102369502414508,0.2309135107339071,0.23081504602012845,0.23072778575581332,0.23065124269274517,0.2305849557238131,0.23052848826334832,0.23048142673721178,0.2304433791749135,0.2304139738965614,0.23039285828792808,0.23037969765739102,0.23037417416893963,0.23037598584585567,0.2303848456400607,0.23040048056248397
0.25,0.2487217016497908,0.2475157301506373,0.24637838771892673,0.24530610583438336,0.24429545580107945,0.24334315559744366,0.2424460736370026,0.24160122999999217,0.24080579563120513,0.24005708993498384,0.23935257713660218,0.23868986172204623,0.2380666832163465,0.23748091051456646,0.236930535939346,0.2364136691643092,0.23592853111327414,0.23547344792055022,0.2350468450171463,0.23464724139089793,0.23427324405484654,0.2339235427471894,0.2335969048773461,0.23329217072577435,0.23300824889979466,0.23274411204356693,0.23249879279726848,0.23227137999825406,0.2320610151153681,0.231866888906494,0.23168823828874968,0.23152434341038539,0.231374524913332,0.23123814137542886,0.23111458692157805,0.2310032889933948,0.23090370626731385,0.23081532671155236,0.2307376657727978,0.23067026468397267,0.2306126888849149,0.23056452654829554,0.23052538720356694,0.23049490045219212,0.23047271476784587,0.23045849637569601,0.2304519282052727,0.23045270891181013,0.23046055196129864,0.2304751847748199
0.25,0.24873698360565735,0.24754442813324326,0.24641882743346782,0.24535678839794575,0.24435504211208806,0.24341045148926874,0.24252001593908434,0.24168087357521512,0.2408903014160846,0.24014571397762235,0.23944466060451078,0.23878482183612962,0.23816400505714375,0.23758013964095265,0.23703127175727637,0.23651555898296017,0.23603126482741163,0.23557675326059194,0.23515048331176155,0.2347510037907892,0.23437694817034846,0.23402702965633485,0.23370003646496681,0.23339482731794955,0.23311032716148322,0.23284552311053167,0.23259946061641365,0.23237123985324687,0.23216001231691188,0.23196497762887433,0.2317853805363022,0.23162050809935092,0.23146968705618892,0.23133228135624168,0.23120768985219076,0.23109534414144497,0.23099470654806115,0.23090526823642,0.23082654744832576,0.23075808785559263,0.2306994570205854,0.23065024495759376,0.23061006278832724,0.2305785414852188,0.23055533069661457,0.2305400976483025,0.23053252611619118,0.23053231546529304,0.23053917975048951,0.2305528468748627
0.25,0.2487520242540489,0.24757271344945023,0.24645874188917444,0.24540688212301265,0.24441401656969008,0.24347714580634852,0.24259339401592564,0.24176001204783829,0.24097437850588685,0.24023399923272698,0.23953650551516184,0.23887965129076633,0.23826130959524366,0.23767946845223747,0.23713222637348594,0.23661778760734015,0.23613445724769216,0.23568063629305303,0.23525481672659027,0.23485557667203152,0.23448157566711558,0.23413155008537279,0.23380430872812022,0.23349872860136184,0.23321375088652077,0.2329483771093697,0.23270166550795338,0.23247272759754645,0.23226072492860605,0.23206486603213908,0.2318844035458008,0.23171863151329075,0.23156688284913718,0.23142852696070781,0.2313029675191988,0.2311896403714015,0.23108801158419087,0.23099757561389853,0.23091785359300332,0.23084839172688026,0.2307887597936783,0.23073854974074032,0.23069737437132795,0.23066486611575995,0.23064067588141623,0.23062447197639174,0.23061593910190697,0.23061477740889028,0.23062070161444276,0.23063344017417658
0.25,0.24876682958813673,0.24760059526943182,0.2464981412886422,0.24545639665010555,0.24447238710262828,0.24354324397103663,0.2426662102686699,0.24183864450035206,0.24105802253325528,0.24032193787671063,0.23962810067392368,0.23897433567063991,0.23835857938943725,0.23777887670442407,0.2372333769802341,0.23672032991158645,0.23623808117536865,0.23578506798609314,0.23535981462747058,0.23496092801747964,0.23458709335140115,0.23423706985653792,0.2339096866834741,0.23360383895147624,0.23331848395976434,0.23305263757166322,0.23280537077490354,0.23257580641840297,0.23236311612358848,0.23216651736659696,0.23198527072641162,0.2318186772930738,0.23166607622947985,0.23152684247987448,0.23140038461793533,0.23128614282726964,0.23118358700718075,0.23109221499668123,0.23101155090991246,0.23094114357635845,0.23088056507949925,0.23082940938783128,0.23078729107247173,0.2307538441058621,0.23072872073638306,0.2307115904339857,0.23070213890223137,0.23070006715240865,0.23070509063566455,0.2307169384293409
0.25,0.24878140537339472,0.24762808246397186,0.24653703557092985,0.24550534146234868,0.244530161630626,0.24360875156664324,0.242738467436202,0.2419167705263262,0.24114122980500213,0.24040952290877785,0.23971943584079006,0.23906886162914218,0.23845579816354073,0.23787834539771666,0.23733470207704768,0.23682316212533008,0.23634211080196055,0.23589002072087584,0.23546544780533823,0.2350670272378631,0.23469346945203431,0.23434355620240638,0.23401613673990262,0.23371012411286068,0.23342449160793077,0.2331582693402059,0.23291054099808317,0.23268044074526562,0.23246715027988651,0.2322698960488556,0.23208794661409304,0.23192061016625115,0.23176723218075512,0.23162719321046557,0.23149990680893048,0.2313848175780096,0.23128139933359096,0.23118915338314933,0.2311076069089954,0.2310363114512194,0.23097484148452518,0.23092279308337163,0.2308797826700756,0.23084544584078173,0.23081943626445772,0.23080142465033013,0.2307910977794279,0.23078815759614868,0.23079232035600267,0.23080331582592165
0.25,0.24879575716062088,0.24765518362013392,0.24657543442343044,0.24555372588991392,0.24458734805973312,0.2436736743233158,0.24281016857202062,0.24199439019921207,0.24122399726401902,0.24049674810720278,0.2398105016822614,0.239163216837006,0.23855295075281086,0.23797785672161428,0.23743618141525372,0.2369262617782993,0.2364465216544406,0.23599546823774536,0.23557168842370751,0.23517384512080663,0.2348006735711481,0.23445097771844334,0.23412362665292125,0.23381755115553637,0.23353174035786253,0.2332652385291604,0.23301714199812176,0.23278659621358394,0.2325727929459464,0.23237496762900559,0.2321923968403564,0.23202439591731253,0.23187031670440597,0.23172954542788207,0.23160150069216093,0.2314856315929546,0.2313814159415725,0.23128835859489494,0.23120598988551766,0.23113386414665768,0.2310715583265396,0.23101867068714796,0.2309748195824188,0.23093964231114913,0.23091279404011683,0.23089394679312397,0.23088278850189684,0.2308790221149951,0.2308823647610973,0.23089254696323852
0.25,0.24880989029800354,0.24768190705585286,0.24661334729301035,0.24560155911430495,0.2446439542781542,0.2437380181050205,0.24288131702275687,0.2420715040432391,0.2413063224536287,0.24058360798829867,0.23990128972608088,0.23925738993388587,0.23865002305333924,0.2380773940029684,0.2375377959454247,0.237029607647757,0.23655129054315857,0.23610138558503133,0.2356785099686639,0.23528135378224263,0.23490867663717965,0.2345593043177059,0.23423212548116182,0.23392608843326004,0.23364019799662236,0.2333735124859472,0.23312514079910657,0.2328942396301639,0.23268001080763817,0.2324816987592071,0.23229858810236192,0.23213000135921577,0.23197529679266649,0.23183386636036726,0.23170513378241614,0.23158855271830256,0.23148360504840967,0.23138979925524134,0.23130666889949703,0.23123377118613997,0.23117068561567775,0.23111701271598678,0.2310723728501548,0.2310364050959774,0.23100876619292246,0.23098912955256165,0.2309771843286585,0.230972634543295,0.2309751982656087,0.23098460683989971
0.25,0.2488238099423077,0.2477082608335251,0.24665078339645974,0.2456488501724775,0.24469998815250626,0.24380178889752982,0.24295191640820984,0.2421481130062524,0.24138820348420875,0.24067009776790016,0.23999179231864548,0.23935137048270488,0.23874700197424994,0.23817694165683434,0.23763952776757408,0.23713317970861914,0.23665639551235834,0.2362077490703461,0.23578588720124213,0.23538952662009804,0.23501745086003328,0.2346685071875982,0.23434160354479316,0.23403570554364866,0.23374983353333187,0.23348305975478523,0.23323450559379474,0.23300333894000796,0.23278877165666959,0.23259005716361572,0.23240648813428955,0.23223739430613255,0.23208214040260935,0.23194012416428325,0.23181077448573137,0.23169354965463304,0.2315879356890501,0.2314934447687178,0.23140961375605543,0.2313360028025695,0.23127219403634192,0.23121779032636114,0.2311724141195517,0.23113570634648165,0.23110732539186812,0.23108694612615602,0.2310742589946059,0.23106896916049396,0.23107079569919406,0.23107947084007843
0.25,0.24883752106924942,0.2477342527726704,0.24668775173029678,0.24569560796079468,0.24475545752446143,0.24386499279733245,0.2430219706027842,0.24222421843435268,0.24146963900193189,0.24075621332519515,0.24008200258492376,0.23944514892660257,0.23884387539253737,0.23827648513996064,0.23774136008395308,0.237236959086113,0.2367618157931546,0.23631453621425072,0.2358937961120725,0.23549833827014569,0.23512696968830293,0.23477855874858208,0.23445203238579654,0.23414637329006116,0.2338606171626749,0.23359385004180921,0.2333452057103202,0.23311386319457258,0.23289904436034548,0.2327000116095876,0.23251606567992777,0.2323465435473553,0.23219081643130363,0.2320482879004505,0.23191839207683998,0.2318005919354042,0.23169437769557935,0.23159926530144573,0.23151479498665367,0.23144052992030764,0.23137605492995025,0.23132097529780907,0.23127491562652602,0.2312375187706758,0.23120844483048802,0.2311873702043119,0.2311739866964966,0.231168000677503,0.23116913229320737,0.23117711472050553
0.25,0.24885102848312182,0.247759890461732,0.24672426107996687,0.24574184123882065,0.24481037020773647,0.24392763600139053,0.24309148371822506,0.24229982204821188,0.24155062815948267,0.24084195116875626,0.24017191439072738,0.2395387165483298,0.2389406321103942,0.23837601090677007,0.2378432771543093,0.23734092801084256,0.236867531758845,0.23642172570617054,0.2360022138781852,0.23560776456391702,0.23523720776845822,0.23488943261475398,0.2345633847300111,0.23425806364515908,0.2339725202299915,0.23370585418169412,0.23345721158032864,0.2332257825213808,0.2330107988326141,0.23281153188010764,0.23262729046642702,0.2324574188223147,0.23230129469203317,0.23215832751150292,0.23202795667760007,0.23190964990638646,0.23180290167759823,0.2317072317623977,0.23162218383117095,0.23154732413801532,0.23148224027848324,0.23142654001713098,0.23137985018143797,0.23134181561871517,0.2313120982126989,0.23129037595662102,0.2312763420796566,0.23126970422376894,0.23127018366809643,0.23127751459815468
0.25,0.2488643368257315,0.24778518126907895,0.24676032002847664,0.24578755863295584,0.24486473398539635,0.24398972479767855,0.243160460087557,0.24237492592095056,0.2416311705886213,0.2409273084046344,0.24026152230719489,0.23963206543194884,0.23903726181489024,0.23847550636769782,0.23794526425347762,0.23744506977613797,0.23697352488244053,0.2365292973624525,0.23611111882187022,0.23571778248858022,0.23534814090590347,0.23500110355620304,0.23467563445087133,0.23437074971607078,0.234085515197892,0.23381904410572088,0.23357049470847913,0.23333906809493085,0.23312400600634386,0.23292458874738806,0.23274013317916725,0.2325699907966602,0.23241354589153074,0.23227021380021481,0.2321394392363538,0.2320206947059934,0.23191347900346468,0.231817315785491,0.23173175222079312,0.23165635771227977,0.23159072268879488,0.23153445746333276,0.23148719115461633,0.23144857066895505,0.23141825973934585,0.23139593801885078,0.2313813002253696,0.23137405533502375,0.23137392582147293,0.23138064693859636
0.25,0.2488774505846989,0.24781013235326882,0.2467959369645007,0.24583276863992112,0.2449185566074447,0.2440512655564447,0.24322890425014268,0.24244953245747253,0.24171126637447696,0.24101228270638847,0.240350821577357,0.2397251884267078,0.23913375503987205,0.2385749598497609,0.2380473076311829,0.23754936869757473,0.23707977769630642,0.23663723208646087,0.2362204903714963,0.23582837014869323,0.2354597460278256,0.23511354746307123,0.23478875653476058,0.23448440571109,0.23419957561432628,0.23393339281122114,0.23368502764325358,0.23345369210884603,0.23323863780677906,0.2330391539475873,0.23285456543769226,0.23268423103935731,0.23252754160818362,0.2323839184087586,0.2322528115081795,0.2321336982464706,0.2320260817823628,0.23192948971248142,0.23184347276167558,0.23176760354199363,0.23170147537765656,0.2316447011932844,0.23159691246258404,0.2315577582146968,0.23152690409542478,0.2315040314806005,0.23148883663892622,0.23148102994168765,0.2314803351168323,0.23148648854499854
0.25,0.24889037410117187,0.24783475067262667,0.2468311200899974,0.24587747963009754,0.24497184578867634,0.24411226472214292,0.2432968209377841,0.24252364437516255,0.24179091603146274,0.24109687228693474,0.2404398080846638,0.23981807911296818,0.2392301031299652,0.23867436055924268,0.23814939447394284,0.23765381007455552,0.23718627375381163,0.23674551183061582,0.2363303090241991,0.23593950672974737,0.23557200114775106,0.2352267413112412,0.23490272704791237,0.23459900690784327,0.23431467608204573,0.2340488743323434,0.2338007839490192,0.23356962774921342,0.2333546671261245,0.23315520015660277,0.23297055977266623,0.23280011200076012,0.23264325427117089,0.23249941379885383,0.23236804603599856,0.23224863319590708,0.23214068284716488,0.23204372657662237,0.2319573187193485,0.23188103515345557,0.23181447215750353,0.23175724532806524,0.23170898855495614,0.23166935305159458,0.23163800643795535,0.23161463187359982,0.23159892723830897,0.23159060435790302,0.23158938827290107,0.23159501654775286
0.25,0.2489031115769996,0.2478590429941906,0.24686587742736907,0.24592169985073067,0.2450246092067733,0.24417272880598834,0.24336421506179887,0.24259726468586038,0.24187012048071396,0.24118107587211,0.24052847832336266,0.23991073177007316,0.23932629820656615,0.23877369854638375,0.2382515128689657,0.23775838015385442,0.23729299759289227,0.23685411956028576,0.2364405563103544,0.2360511724634219,0.2356848853317379,0.23534066312958188,0.23501752310479262,0.23471452962286388,0.23443079222940078,0.23416546371208527,0.23391773817929246,0.23368684916906277,0.23347206779921303,0.23327270096689265,0.23308808960381033,0.23291760699161806,0.2327606571404932,0.23261667323277074,0.2324851161325029,0.23236547296103505,0.23225725573805336,0.23216000008705914,0.23207326400383405,0.23199662668616228,0.23192968742285558,0.23187206453996795,0.23182339440198332,0.23178333046569646,0.2317515423844791,0.23172771516062504,0.2317115483434893,0.23170275527117676,0.23170106235358942,0.23170620839470502
0.25,0.24891566708140772,0.24788301590207232,0.2469002168261987,0.24596543742900853,0.24507685450062633,0.24423266437909558,0.24343109170100852,0.2426703966790332,0.24194888102895945,0.24126489267584988,0.24061682937062442,0.2400031413460534,0.23942233313572253,0.23887296467197905,0.23835365176994633,0.23786306609503094,0.23739993470144055,0.23696303921944917,0.23655121475975702,0.23616334859447582,0.2357983786661328,0.23545529196868673,0.23513312283790225,0.23483095118251546,0.23454790068241868,0.2342831369755412,0.23403586585115554,0.23380533146393953,0.23359081458021239,0.23339163086528625,0.23320712921877998,0.23303669016297962,0.23287972428785927,0.2327356707551537,0.232603995862868,0.23248419167078577,0.2323757746868714,0.23227828461392747,0.23219128315544613,0.2321143528792645,0.23204709613738472,0.2319891340401348,0.23194010548271582,0.23189966622209543,0.23186748800215923,0.23184325772501052,0.23182667666631498,0.231817459732609,0.23181533475852908,0.2318200418419699
0.25,0.2489280445572143,0.24790667580527698,0.24693414596959573,0.246008700375023,0.245128589268868,0.24429207806616257,0.24349745609058288,0.2427430439060749,0.24202719934874284,0.2413483223768927,0.24070485886032428,0.24009530342907415,0.239518201497805,0.23897215057578675,0.23845580096466945,0.2379678559376267,0.23750707148443628,0.23707225569804777,0.23666226786943162,0.2362760173492068,0.2359124622268278,0.23557060787104225,0.23524950536894162,0.23494824989520954,0.2346659790381108,0.2344018711043163,0.23415514342078014,0.2339250506485286,0.23371088312032962,0.2335119652117426,0.23332765375294495,0.2331573364869569,0.23300043057839445,0.23285638117563162,0.23272466002822145,0.23260476416057127,0.23249621460217332,0.23239855517412797,0.2323113513312457,0.23223418905865975,0.23216667382160383,0.23210842956680192,0.232059097773763,0.23201833655416693,0.23198581979745914,0.2319612363607328,0.2319442893009659,0.23193469514768814,0.23193218321417586,0.23193649494531154
0.25,0.24894024782662252,0.24793002894502333,0.24696767238017964,0.24605149658462463,0.24517982106860592,0.24435097653966728,0.24356331361168987,0.24281521016566673,0.24210507745991877,0.24143136509692542,0.24079256495838885,0.24018721422053393,0.2396138975588824,0.2390712486466622,0.23855795104433566,0.2380727385700635,0.23761439523274355,0.23718175480095754,0.2367737000730063,0.23638916190541193,0.236027118049955,0.23568659184256951,0.23536665078128255,0.23506640502486714,0.23478500583896061,0.23452164401206155,0.23427554826001498,0.2340459836342878,0.23383224994647517,0.23363368021902128,0.23344963917003766,0.23327952173831773,0.23312275165313975,0.23297878005218428,0.23284708414983588,0.2327271659572626,0.2326185510549467,0.23252078741775026,0.23243344429212534,0.23235611112469734,0.23228839654115233,0.23222992737412673,0.2321803477386261,0.2321393181533703,0.2321065147063778,0.23208162826304635,0.2320643637149579,0.2320544392676316,0.23205158576545765,0.23205554605207
0.25,0.248952280596623,0.24795308140160305,0.24700080342572975,0.24609383384218111,0.2452305574143454,0.24440936651454814,0.24362866978190487,0.24288689949014056,0.2421825177123538,0.24151402138009556,0.2408799463396303,0.2402788705097338,0.23970941624371722,0.23917025199433578,0.23866009337453137,0.23817770370016686,0.2377218940935003,0.23729152321850885,0.23688549671158335,0.23650276636378886,0.23614232910396166,0.23580322582548435,0.23548454009369676,0.235185396765575,0.2349049605485475,0.234642434521087,0.2343970586339965,0.23416810820805323,0.2339548924408493,0.2337567529332299,0.23357306224363603,0.23340322247687303,0.23324666391231008,0.23310284367523545,0.23297124445401912,0.23285137326483843,0.23274276026497973,0.23264495761512063,0.2325575383904985,0.23248009554047105,0.23241224089565488,0.23235360422157691,0.23230383231758173,0.2322625881595925,0.23222955008522103,0.23220441101965064,0.23218687774067479,0.23217667018125357,0.23217352076794928,0.2321771737936158
0.25,0.24896414646403642,0.24797583910081447,0.24703354632452815,0.24613571982324978,0.24528080577709419,0.24446725474334224,0.24369353024633778,0.24295811613278978,0.2422595227697686,0.24159629217381878,0.24096700216599184,0.2403702696500394,0.2398047531103057,0.23926915442275876,0.23876222006776915,0.23828274182724432,0.23782955704203293,0.237401548498491,0.23699764400604648,0.23661681572072035,0.23625807926301107,0.2359204926724246,0.23560315523529263,0.23530520621739204,0.23502582352826323,0.23476422234001265,0.23451965367974495,0.23429140301157922,0.2340787888214168,0.2338811612152164,0.23369790053944983,0.23352841603063026,0.23337214449928365,0.23322854905244497,0.23309711785767448,0.23297736295067717,0.23286881908784945,0.23277104264444942,0.2326836105585701,0.23260611932067693,0.23253818400813187,0.23247943736385868,0.23242952891809476,0.23238812415201424,0.2323549037018889,0.23232956260236884,0.23231180956740963,0.2323013663073405,0.23229796688055593,0.23230135707831556
0.25,0.2489758489202243,0.24799830782000468,0.24706590815042018,0.24617716209717466,0.245330573583642,0.2445246480117582,0.24375790076944043,0.24302886455607922,0.24233609559466338,0.24167817881081716,0.24105373206613673,0.24046140953646633,0.23989990432589015,0.23936795040494727,0.23886432395753002,0.23838784421565257,0.23793737385523225,0.23751181901958135,0.2371101290307475,0.23673129584238686,0.23637435328165862,0.2360383761217967,0.23572247902161503,0.23542581536326254,0.23514757601508093,0.23488698804241911,0.23464331338570943,0.23441584752197991,0.23420391812323763,0.23400688372277434,0.23382413239838096,0.2336550804796838,0.23349917128529488,0.23335587389417406,0.23322468195450577,0.23310511253246924,0.23299670500250708,0.23289901998005547,0.23281163829716608,0.2327341600210149,0.23266620351493975,0.2326074045413642,0.23255741540574168,0.23251590414047799,0.23248255372765997,0.2324570613593197,0.2324391377338967,0.2324285063875173,0.2324249030586878,0.23242807508499086
0.25,0.24898739135549422,0.24802049319374989,0.24709789583761657,0.24621816812961775,0.24537986821601002,0.24458155313466315,0.24382178722746073,0.24309914942070848,0.24241223943427226,0.24175968299232847,0.24114013611631682,0.2405522885846218,0.23999486664437877,0.23946663505925847,0.23896639857374335,0.23849300286979083,0.2380453350863323,0.2376223239661423,0.2372229396885186,0.23684619344015811,0.2364911367707549,0.23615686077429662,0.2358424951318653,0.2355472070469969,0.23527020010033867,0.23501071304646207,0.2347680185722281,0.23454142203303938,0.23433026018062253,0.23413389989363248,0.2339517369203296,0.23378319464081632,0.23362772285480576,0.2334847965995987,0.233353915001844,0.2332346001657259,0.23312639609943778,0.23302886768114578,0.23294159966510136,0.2328641957281134,0.23279627755622181,0.23273748397111854,0.23268747009562418,0.23264590655734024,0.23261247872945404,0.2325868860075644,0.23256884112131695,0.23255806947958643,0.23255430854790904,0.23255730725685417
0.25,0.24899877706322301,0.24804240071920347,0.24712951618525908,0.24625874528503505,0.2454286970110659,0.2446379769524659,0.24388519560151187,0.243168975575488,0.2424879578074979,0.2418408067724322,0.24122621482246204,0.2406429057109434,0.2400896373851103,0.23956520412703863,0.2390684381196452,0.23859821051046368,0.23815343204103578,0.23773305330433278,0.23733606468695984,0.23696149604721442,0.23660841617453085,0.23627593207056213,0.235963188087202,0.23566936495228094,0.23539367870950206,0.23513537959541697,0.23489375087287165,0.23466810763736048,0.2344577956100851,0.23426218992920123,0.2340806939487205,0.23391273805278553,0.23375777849153095,0.2336152962434485,0.23348479590807253,0.2333658046318632,0.23325787106937482,0.23316056438112986,0.23307347326906547,0.2329962050499577,0.23292838476685046,0.23286965433820742,0.23281967174425527,0.2327781102497892,0.23274465766255598,0.23271901562621122,0.23270089894675947,0.23269003495132293,0.2326861628780444,0.2326890332959053
0.25,0.24901000924372022,0.24806403576113795,0.24716077586177085,0.24629890082910702,0.2454770672603013,0.24469392632787967,0.24394813197123005,0.24323834804798994,0.2425632544927816,0.2419215525434405,0.24131196910343675,0.24073326031417744,0.24018421441290724,0.23966365395158554,0.23917043744995925,0.23870346055255845,0.23826165675493435,0.23784399775948528,0.23744949351595498,0.2370771919963544,0.23672617874882287,0.2363955762699172,0.2360845432300841,0.23579227358267954,0.23551799558287234,0.235260970739122,0.23502049271664002,0.23479588620932373,0.2345865057940633,0.2343917347790499,0.234210984055724,0.2340436909622731,0.23388931816509426,0.2337473525633484,0.2336173042206303,0.2334987053268407,0.23339110919254696,0.23329408927744985,0.23320723825400796,0.23313016710680334,0.23306250426784242,0.2330038947876683,0.23295399954190052,0.23291249447261153,0.23287906986378357,0.23285342964996172,0.2328352907571231,0.23282438247471007,0.23282044585772763,0.23282323315777317
0.25,0.2490210910078519,0.24808540355670586,0.24719168140901077,0.2463386419311332,0.24552498620976942,0.24474940814305093,0.24401060250899492,0.2433072720359404,0.24263813351686678,0.24200192302230888,0.24139740027541237,0.2408233522580456,0.24027859611936475,0.23976198145837344,0.23927239205034853,0.2388087470839878,0.2383700019721758,0.23795514879470187,0.23756321642637135,0.2371932703989464,0.2368444125403982,0.23651578043017027,0.23620654670462166,0.2359159182426001,0.23564313525720793,0.2353874703162897,0.2351482273109841,0.23492474038882943,0.2347163728653843,0.23452251612609046,0.23434258852814907,0.2341760343104726,0.234022322518295,0.23388094594774292,0.23375142011457226,0.23363328225033494,0.23352609032844143,0.23342942212190754,0.23334287429400494,0.23326606152255763,0.2331986156582302,0.2331401849168277,0.23309043310535776,0.23304903888139133,0.23301569504508357,0.23299010786308177,0.23297199642344216,0.23296109202059945,0.23295713756937686,0.23295988704698717
0.25,0.249032025380444,0.2481065092199422,0.2472222392462508,0.24637797566640032,0.24557246106018146,0.24480442929704094,0.2440726134746904,0.24337575289932148,0.2427125991444191,0.24208192123802313,0.24148251003731122,0.2409131818550512,0.24037278140532573,0.2398601841364908,0.23937429801808977,0.23891406484584962,0.23847846112533236,0.23806649859062537,0.23767722440990224,0.23730972112498422,0.23696310636734302,0.23663653238843207,0.2363291854379005,0.23604028501918511,0.2357690830482302,0.23551486293765883,0.2352769386256251,0.23505465356579747,0.23484737969244915,0.23465451637244483,0.234475489353986,0.23430974972029642,0.2341567728549635,0.2340160574243838,0.23388712438166884,0.2337695159954303,0.23366279490606365,0.23356654321147113,0.23348036158359006,0.23340386841661187,0.2333366990073733,0.23327850476806902,0.2332289524711596,0.23318772352612588,0.2331545132875402,0.23312903039378302,0.23311099613562125,0.23310014385378044,0.23309621836458083,0.23309897541266358
0.25,0.24904281530348146,0.2481273577460298,0.24725245567399348,0.2464169090185332,0.24561949896716054,0.24485899670364972,0.24413417121098566,0.24344379615315517,0.24278665586846804,0.2421615505199231,0.24156730045727748,0.24100274985138076,0.24046676966449693,0.2399582600212456,0.23947615204392514,0.23901940921376102,0.23858702831642767,0.23817804002634566,0.2377915091800132,0.23742653478421125,0.2370822498004788,0.23675782074291934,0.23645244712224972,0.23616536076510355,0.2358958250339857,0.23564313396996034,0.2354066113771479,0.23518560986540124,0.2349795098651142,0.23478771862597397,0.23460966920957815,0.23444481948418092,0.23429265112838746,0.2341526686493614,0.23402439842002623,0.2339073877388089,0.23380120391467774,0.2337054333795455,0.23361968082953385,0.23354356839610924,0.23347673484769363,0.23341883482201525,0.2333695380891834,0.2333285288452435,0.2332955050357816,0.23327017770899958,0.23325227039756435,0.23324151852844488,0.2332376688598825,0.23324047894459204
0.25,0.2490534636391206,0.2481479540153481,0.24728233687764564,0.24645544888183707,0.24566610704165345,0.24491311728957266,0.24419528213911815,0.2435114074609436,0.24286030840163852,0.2422408144869282,0.24165177396013773,0.24109205741285955,0.24056056076816387,0.2400562076778958,0.23957795139505023,0.23912477618032543,0.23869569829908333,0.23828976666140272,0.23790606315395627,0.23754370270827718,0.23720183314577384,0.23687963483571306,0.23657632019842278,0.23629113308221447,0.23602334803903777,0.23577226952067226,0.23553723101434315,0.23531759413401343,0.23511274768124815,0.2349221066874487,0.23474511144740356,0.2345812265524715,0.23442993993029018,0.23429076189666395,0.2341632242242108,0.2340468792314242,0.23394129889501117,0.23384607398769025,0.23376081324305634,0.23368514254863285,0.23361870416782068,0.2335611559911123,0.2335121708166544,0.23347143566000872,0.23343865109276987,0.2334135306095459,0.23339580002268448,0.23338519688403256,0.23338146993294567,0.2333843785697088
0.25,0.2490639731725278,0.24816830279732252,0.24731188893106437,0.2464936020636405,0.24571229235050035,0.24496679799288154,0.2442559527551625,0.24357859262874243,0.24293356166814425,0.2423197170376302,0.24173593331581353,0.24118110611192323,0.2406541550509655,0.24015402618646609,0.23967969389919858,0.23923016233869476,0.23880446646174797,0.23840167271885132,0.23802087943581712,0.23766121693389608,0.23732184742771967,0.23700196473644355,0.2367007938396643,0.2364175903060755,0.23615163961946353,0.23590225642354032,0.2356687837042771,0.2354505919258419,0.23524707813394452,0.23505766503834255,0.23488180008444742,0.23471895452237015,0.2345686224803449,0.2344303200482471,0.23430358437586177,0.23418797278964212,0.2340830619309093,0.2339884469177707,0.23390374053245822,0.23382857243530036,0.233762588406132,0.23370544961359893,0.23365683191252873,0.23361642516930184,0.2335839326149611,0.23355907022564232,0.23354156612977975,0.23353116004144397,0.23352760271909045,0.23353065544894222
0.25,0.24907434661455924,0.24818840875409276,0.24734111779998902,0.2465313752866469,0.24575806191716298,0.24502004576182254,0.2443161896267703,0.24364535759984646,0.24300642079651597,0.2423982623412248,0.24181978162865406,0.2412698979155708,0.24074755329769262,0.24025171512761392,0.2397813779297874,0.23933556486719124,0.2389133288119746,0.23851375306935377,0.2381359518005653,0.23777907018697508,0.23744228437364281,0.2371248012268734,0.23682585793663727,0.23654472149127262,0.23628068804863317,0.23603308222484254,0.2358012563190682,0.2355845894902367,0.23538248689937094,0.23519437882922925,0.2350197197911489,0.23485798762742865,0.23470868261620811,0.2345713265845992,0.23444546203477729,0.2343306512868357,0.23422647564142487,0.23413253456452862,0.23404844489615725,0.23397384008425112,0.23390836944467644,0.23385169744785045,0.23380350303224248,0.23376347894475902,0.23373133110782282,0.23370677801279544,0.23368955013926376,0.2336793893996075,0.23367604860818536,0.23367929097441761
0.25,0.24908458660429342,0.2482082764440149,0.2473700293453736,0.24656877519130266,0.2458034227226129,0.24507286755392593,0.24437599939036905,0.24371170845006893,0.24307889111304168,0.24247645482925287,0.2419033223276578,0.24135843517426597,0.24084075673107708,0.24034927456951194,0.2398830023920909,0.23944098151495613,0.2390222819617141,0.23862600321627064,0.23825127467907598,0.23789725586768554,0.23756313639892632,0.2372481357863542,0.236951503083186,0.2366725163975481,0.23641048230374923,0.23616473517037656,0.2359346364233503,0.23571957375964925,0.23551896032523723,0.23533223386876767,0.23515885588090582,0.23499831072757185,0.2348501047840577,0.2347137655757874,0.23458884093045973,0.23447489814541933,0.23437152317332974,0.23427831982855854,0.23419490901611723,0.23412092798451373,0.23405602960346664,0.2339998816670833,0.23395216622281512,0.23391257892626147,0.23388082842169536,0.2338566357480204,0.23383973376973655,0.23382986663238792,0.23382678924188213,0.2338302667670085
